Test (scope),Result,Claim weakened?,Interpretation
Baseline (all primary cases),2 of 4 primary cases meet the oracle-threshold label,No,Descriptive classification count only; no pooled magnitude or population rate.
Leave one primary case out,BE03 2/3; WK07 1/3; UI01 2/3; UI09 1/3,"Yes—material-count claim (WK07, UI09)",The procedural claim survives; the number of material oracle labels depends on the strongest cases.
Leave one domain out,BE03 2/3; WK07 1/3; UI01+UI09 1/2,"Yes—material-count claim (WK07, UI01+UI09)",UI01 and UI09 share utilities/infrastructure; domain deletion is not identical to every case deletion.
Remove WK07 and UI09 together (both strongest oracle cases),0 of 2 retained primary cases meets the label,Yes—empirical material-mismatch claim,The procedural and heterogeneous-outcome claims survive; evidence of material primary mismatch does not.
Exclude simulated C-MAPSS (source-quality sensitivity),1 of 3 retained primary cases meets the label,Yes—material-count claim,Material mismatch is not supported by more than one primary case after excluding simulation.
"Classification thresholds (lower, pre-specified, higher)",lower (BE03 10%; WK07 2.5%; UI09 2.5%) 3/4; pre-specified (BE03 20%; WK07 5%; UI09 5%) 2/4; higher (BE03 30%; WK07 10%; UI09 10%) 2/4,lower: Yes—classification count; pre-specified: No; higher: No,Threshold variation is exploratory; it does not alter the frozen reported classifications.
Model or loss alternatives (BE03: Schedule alternatives),range 0.0783925 to 0.377177 fraction,Yes—case magnitude and threshold status,Nominal on-time reduction varies strongly with the assumed fixed schedule.
Model or loss alternatives (WK07: Failure-cost and warning-lead alternatives),range 0.00210467 to 0.00300736 normalized cost per cycle,No—sign; yes—magnitude,Static regret remains positive across supported settings but remains a simulated perfect-information comparison.
Model or loss alternatives (UI01: Flexible-load fractions),range 0.0359227 to 0.359227 EUR per MWh baseline load,No—interpretation,Arithmetic savings scale with assumed flexibility; customer response and equilibrium remain unidentified.
Model or loss alternatives (UI09: Median/mean calendar rule and shortfall penalties),range 0.188772 to 0.585607 fraction,No—sign; yes—magnitude,The objective gap remains positive but depends strongly on the normative loss function.
Null and network controls (NC03 and NC01),NC03 is an exact narrow null; NC01 remains unquantified,No—procedural claim strengthened,The frozen design does not force every incumbent into a redesign narrative.
