claim_id,scope,claim_or_risk,evidence_status,source_or_basis,action,permitted_language
H001,general theory,Standards coordinate expectations and complementary investment,sourced,PA001-PA032 literature matrix,retain as general theory with citations,Standards can coordinate expectations and investment
H002,general theory,Installed bases and compatibility can sustain persistence,sourced,PA001-PA032 literature matrix,retain as general theory with citations,Installed-base and compatibility effects can preserve incumbents
H003,abstract,Technologies changed conditions under which each incumbent was formed,not identified,No case-specific origin reconstruction,soften,Technologies changed conditions relevant to an incumbent decision
H004,theory expectation,The frozen fixed rules were created under information scarcity,partly supported but not demonstrated across cases,Selection sources document current comparator mechanisms rather than complete origins,make conditional,Where source evidence supports information scarcity as a plausible generating constraint
H005,formal framework,The incumbent equals the historical optimum,prohibited,Historical objectives and feasible sets are incomplete,explicitly disavow,x_h* is conceptual and x_inc = x_h* is not assumed
H006,BE03,Scheduled lighting arose as the historical optimum under sparse sensing,not identified,SEL-BE03-DOE-SCHEDULES supports formal schedule assumptions but not origin or optimality,remove as case claim,Perfect-label occupancy comparator versus a specified nominal schedule
H007,WK07,Fixed-age maintenance was historically optimal,not identified,SEL-WK07-NASA-PBM distinguishes time-based and prognostics-based practice but does not identify a historical optimum,soften,Historically defensible time-based incumbent problem; historical optimum unidentified
H008,UI01,Flat tariffs arose because interval metering was infeasible,not identified,SEL-UI01-DOE-RATES documents AMI-enabled rates and response studies but not the origin of the analyzed incumbent,remove as causal history,Bounded fixed-price partial-equilibrium arithmetic
H009,UI09,Calendar irrigation was historically optimal under weather-information scarcity,not identified,SEL-UI09-FAO56 and SEL-UI09-SENSOR-REVIEW document current methods rather than the incumbent origin,remove as causal history,Calendar comparator and perfect-weather reference-crop benchmark
H010,TR01,The analyzed roadway used a historically fixed signal plan,not identified,SEL-TR01-FHWA defines pre-timed and actuated control but the dataset does not verify an intersection or timing plan,retain insufficient-evidence status,Directional demand-allocation proxy only
H011,NC01,Container dimensions prove rational historical lock-in,not identified,SEL-NC01-ISO668 verifies current standard metadata only,prohibit inference,Compatibility evidence-gap control
H012,NC03,A-series dimensions were historically selected as a global geometric optimum,not identified,SEL-NC03-ISO216 verifies current standard metadata only,limit null,No mismatch only for repeated-halving similarity objective
H013,title and summary,The study reconstructs obsolete historical optimization problems,not supported,TFSC_FINAL_EDITOR_SCREEN and CENTRAL_CLAIM_STRESS_TEST,use re-audit framing,Re-auditing after technological change
