source_id,case_id,evidence_level,evidence_dimensions,empirical_context,quantitative_anchor,case_incompatibility,permitted_use,prohibited_use
TR-BE03-DOE-GUIDE,BE03,B,"device; installation; maintenance; sensor performance; useful life",Federal facility applications plus a cited university deployment,"More than 200 rooms; about USD 14000 annual savings; 4.2-year simple payback; typical PIR battery life 6-12 years","No UCI room inventory; controlled lighting power; tariff; wiring condition; false-trigger rate; commissioning record; or deployment horizon","Identify cost categories and state a native-unit break-even gate","Transfer the payback or savings estimate to BE03"
TR-BE03-GSA-FINDINGS,BE03,B,"installation; commissioning; communication; control; implementation cost; useful life",Two federal-site wireless advanced-lighting-control demonstrations,"54% and 78% normalized savings in the assessed retrofits; 3-6-year simple payback; illustrative incremental cost about USD 1 per square foot","Different buildings; fixtures; control package; baseline; energy intensity; tariff; and labor experience","Show that commissioning and baseline conditions govern implementation economics","Treat GSA payback or per-area cost as a BE03 transition estimate"
TR-WK07-NASA-LANDING,WK07,C,provenance,NASA bibliographic and download landing page,None,"Duplicates report metadata and adds no independent case-compatible transition input","Verify report identity and version","Count as independent transition evidence"
TR-WK07-NASA-REPORT,WK07,B,"sensors; data; software; integration; validation; certification; training; operational cost; safety; regulation",Aviation stakeholder analysis of predictive-maintenance adoption barriers,Qualitative decomposition of implementation and operational costs,"No deployed C-MAPSS fleet; component-specific cash flow; error-cost matrix; useful life; or certified decision rule","Specify missing transition inputs and safety/regulatory gates","Assign a numerical switching cost to WK07"
TR-WK07-FAA-LANDING,WK07,C,provenance,FAA advisory-circular landing page,None,"Duplicates circular metadata and adds no independent quantitative input","Verify circular identity and version","Count as independent transition-cost evidence"
TR-WK07-FAA-AC,WK07,B,"sensor reliability; data transmission; security; retention; authorization; maintenance integration; safety",Operational authorization guidance for integrated aircraft health-management systems,Qualitative requirements rather than cost estimates,"The simulated C-MAPSS oracle has no aircraft operator; approved system; failure consequence valuation; or authorization pathway","Define non-price feasibility and authorization gates","Infer a transition-adjusted WK07 benefit or approval"
TR-UI01-DOE-AMI,UI01,B,"meter; installation; communications; data management; training; outreach; cybersecurity; interoperability",Seventy U.S. Smart Grid Investment Grant projects,"AMI deployment cost about USD 130-1895 per meter; six projects above USD 600 per meter","UI01 is an aggregate German-Luxembourg fixed-price arithmetic benchmark with no meter count; customer class; utility; contract; control asset; or deployment horizon","Show plausible implementation categories and why per-meter costs cannot be transferred","Subtract a selected AMI cost from UI01 savings"
TR-UI01-JRC-CBA,UI01,B,"boundary conditions; implementation schedule; discounting; costs; benefits; externalities; sensitivity",European smart-grid cost-benefit methodology,Requires local time horizon and discount-rate sensitivity,"Provides a method rather than UI01-specific cash flows or behavioral response","Define requirements for a defensible transition-adjusted analysis","Monetize unspecified externalities or complete the missing CBA"
TR-UI01-ACER,UI01,B,"metering; ICT; data access; interoperability; contracts; customer participation; market rules",EU-wide 2025 monitoring of demand-response barriers,Smart meters with suitable functionality and ICT services are enabling conditions,"No UI01 participant population; intervention; adoption rate; contract; rebound; equilibrium response; or incremental cost","Support the enabling-condition gate","Interpret UI01 fixed-price arithmetic as realized demand response"
TR-UI09-NRCS-449,UI09,B,"crop ET; crop coefficients; soil moisture; telemetry; flow measurement; uniformity; system characteristics",U.S. conservation-practice standard for irrigation water management,Recognizes computerized scheduling using real-time climate soil and crop data,"UI09 omits crop coefficient; root-zone storage; irrigation efficiency; application system; flow measurement; and yield response","Define agronomic and engineering inputs needed before implementation comparison","Treat reference-crop ET as a deployable irrigation prescription"
TR-UI09-USU-PAGE,UI09,B,"soil sensors; weather station; data logger; telemetry; equipment value",Utah agricultural demonstration package,"Three water-content sensors; one matric-potential sensor; data logger; five years telemetry; total value about USD 4500","Different location; crop; soil; area; package; installation; maintenance; service terms; and outcome model","Illustrate the scale and composition of a real monitoring package","Use USD 4500 as the UI09 switching cost"
TR-UI09-UCANR,UI09,B,"controller; installation; programming; maintenance; signaling; useful life; water rates",California urban-landscape smart-controller programs,"Illustrative 10-year customer thresholds of USD 229 and USD 458 under stated area and water-rate assumptions; signaling-fee attrition","Urban landscape rather than Davis agricultural reference crop; different baseline; area; tariffs; controller; water response; and program design","Demonstrate context dependence and recurring service/commissioning burdens","Transfer its monetary thresholds or water savings to UI09"
TR-CROSS-OMB-A94,"BE03;WK07;UI01;UI09",B,"discount rate; project horizon",U.S. federal cost-effectiveness and lease-purchase guidance,"2026 nominal rates 3.4-4.1%; real rates 1.1-2.0% across listed maturities","No case identifies a compatible cash-flow stream; useful life; jurisdictional valuation rule; or project horizon","Provide sensitivity reference after compatible cash flows and horizons are identified","Generate transition-adjusted point estimates in the current cases"
