claim_id,manuscript_location,claim_text,claim_type,evidence_id,evidence_path_or_citation,verification_status,verified_utc,notes
C001,Introduction,"The contribution is an operational audit protocol, not a new general theory of lock-in.",positioning,TFSC-PRIOR-ART,TFSC_prior_art_matrix.csv; reports/TFSC_novelty_assessment.md,verified,2026-09-24T10:30:00Z,Thirty-two exact-DOI records define the prior-art boundary.
C002,Methods,Candidate selection preceded confirmatory estimation and excluded expected effects.,design,FREEZE,case_selection_protocol.md; frozen_case_set.json,verified,2026-09-24T10:30:00Z,Freeze artifact has a SHA-256 sidecar.
C003,Methods,Public analysis inputs were persisted and checksum-registered before use.,provenance,SOURCE-REGISTRY,SOURCE_REGISTRY.csv,verified,2026-09-24T10:30:00Z,Copyrighted ISO sample is locally retained but Git-excluded.
C004,Results—BE03,The occupancy-responsive comparison is an oracle technical upper bound.,limitation,BE03,MANUSCRIPT_VALUES.csv:BE03_ENERGY_REDUCTION; outputs/analysis/case_results.json,verified,2026-09-24T10:30:00Z,"No sensor error, lamp power, commissioning, or installation cost."
C005,Results—WK07,The maintenance result uses simulated C-MAPSS trajectories and perfect condition information.,limitation,WK07,MANUSCRIPT_VALUES.csv:WK07_STATIC_REGRET; outputs/analysis/case_results.json,verified,2026-09-24T10:30:00Z,Must not be described as observed fleet evidence.
C006,Results—UI01,"The price-aware load-shifting result is partial equilibrium, not a tariff-response estimate.",limitation,UI01,MANUSCRIPT_VALUES.csv:UI01_SAVINGS_PER_MWH; outputs/analysis/case_results.json,verified,2026-09-24T10:30:00Z,Observed wholesale prices are held fixed.
C007,Results—UI09,The irrigation result is a reference-crop perfect-weather benchmark.,limitation,UI09,MANUSCRIPT_VALUES.csv:UI09_OBJECTIVE_REGRET; outputs/analysis/case_results.json,verified,2026-09-24T10:30:00Z,"Crop coefficients, soil storage, efficiency, and yield response are omitted."
C008,Results—TR01,The traffic result is insufficient for redesign.,classification,TR01,MANUSCRIPT_VALUES.csv:TR01_CLASSIFICATION; outputs/analysis/case_results.json,verified,2026-09-24T10:30:00Z,"No verified intersection, incumbent timing plan, or safety outcomes."
C009,Results—NC01,Container compatibility cannot be quantified from dimensions metadata alone.,classification,NC01,MANUSCRIPT_VALUES.csv:NC01_CLASSIFICATION; outputs/analysis/case_results.json,verified,2026-09-24T10:30:00Z,"No fleet, conversion, network, or alternative-design performance data."
C010,Results—NC03,The square-root-of-two ratio is a null only for repeated-halving similarity.,classification,NC03,MANUSCRIPT_VALUES.csv:NC03_OPTIMAL_RATIO; outputs/analysis/case_results.json,verified,2026-09-24T10:30:00Z,No claim about every paper-format objective.
C011,Cross-case synthesis,Heterogeneous case outcomes are not pooled and do not support a population causal claim.,inference,FALSIFICATION,outputs/analysis/cross_case_falsification.csv,verified,2026-09-24T10:30:00Z,Leave-one-case/domain-out counts are descriptive.
C012,Discussion,Positive static regret is insufficient for a redesign recommendation.,governance,FRAMEWORK,DECISION_LOG.md; reports/PHASE5_CRITICAL_REVIEW.md,verified,2026-09-24T10:30:00Z,Only native-unit break-even ceilings are identified; no transition-adjusted superiority is estimated.
C013,Results—transition evidence,No primary case has Level A case-compatible transition-cost evidence.,evidence_gate,TRANSITION-EVIDENCE,outputs/analysis/transition_evidence_results.json; outputs/tables/transition_evidence_matrix.csv,verified,2026-09-24T10:30:00Z,11 sources are Level B and 2 sources are Level C.
C014,Results—transition evidence,"BE03, UI01, UI09, WK07 support threshold analysis only, not transition-adjusted point estimates.",inference,TRANSITION-GATES,outputs/analysis/transition_evidence_results.json,verified,2026-09-24T10:30:00Z,Thresholds remain in native benchmark units unless compatible valuation evidence exists.
C015,Results—UI09,"The UI09 break-even quantity is an objective-equivalent threshold, not physical water savings.",limitation,UI09-TRANSITION,outputs/analysis/transition_evidence_results.json,verified,2026-09-24T10:30:00Z,The objective includes a fivefold shortfall penalty and cannot be monetized without agronomic evidence.
C016,Methods—transition evidence,The OMB 2026 discount rates are retained as sensitivity references but are not applied to unidentified cash flows.,method,TR-CROSS-OMB-A94,SOURCE_REGISTRY.csv; outputs/analysis/transition_evidence_results.json,verified,2026-09-24T10:30:00Z,"Case-compatible useful lives, horizons, and cash-flow streams are absent."
C017,Abstract and cross-case synthesis,Removing both threshold-meeting oracle cases eliminates all material primary labels.,falsification,JOINT-STRONGEST-CASE,MANUSCRIPT_VALUES.csv:FALS_REMOVE_BOTH_MATERIAL_COUNT; outputs/analysis/final_falsification.csv,verified,2026-09-24T10:30:00Z,"The procedural claim survives, but the empirical material-mismatch claim does not."
C018,Framework and limitations,The historical optimum is not identified and no incumbent is assumed to equal it.,historical_claim,HISTORICAL-AUDIT,research_inputs/historical_claim_audit.csv; reports/HISTORICAL_CLAIM_AUDIT.md,verified,2026-09-24T10:30:00Z,Case language is limited to a historically defensible incumbent problem.
C019,Limitations,"Transition sources comprise 0 Level A, 11 Level B, and 2 Level C records.",evidence_gate,TRANSITION-LEVEL-COUNTS,MANUSCRIPT_VALUES.csv:TRANSITION_LEVEL_A_SOURCES; MANUSCRIPT_VALUES.csv:TRANSITION_LEVEL_B_SOURCES; MANUSCRIPT_VALUES.csv:TRANSITION_LEVEL_C_SOURCES,verified,2026-09-24T10:30:00Z,Level B permits thresholds only; Level C supports no case inference.
C020,"Abstract, results, and limitations",No case identifies a realized causal deployment effect.,inference,CASE-LIMITATIONS,outputs/analysis/case_results.json; reports/ORACLE_LANGUAGE_AUDIT.md,verified,2026-09-24T10:30:00Z,"Oracle, partial-equilibrium, and proxy results remain locally qualified."
C021,Abstract and methods,The design screened 122 candidates in 12 domains and froze seven cases.,design,DESIGN-COUNTS,MANUSCRIPT_VALUES.csv:DESIGN_CANDIDATES; MANUSCRIPT_VALUES.csv:DESIGN_DOMAINS; MANUSCRIPT_VALUES.csv:DESIGN_FROZEN_CASES,verified,2026-09-24T10:30:00Z,Counts are generated from the candidate registry and frozen-case file.
C022,Introduction,The protocol differs from periodic standards review and lifecycle-analysis frameworks by linking capability change to a frozen static benchmark and separate redesign gate.,positioning,FRAMEWORK-ANTECEDENTS,research_inputs/framework_sources.csv; SOURCE_REGISTRY.csv,verified,2026-09-24T10:30:00Z,Official ISO systematic-review guidance and the exact-DOI NIST FACTS record are persisted.
