test,scope,primary_cases_retained,threshold_meeting_oracle_cases,result,claim_weakened,interpretation
baseline,all primary cases,4,2,2 of 4 primary cases meet the oracle-threshold label,No,Descriptive classification count only; no pooled magnitude or population rate.
leave_one_primary_case_out,BE03,3,2,2 of 3 retained primary cases meet the label,No,The procedural claim survives; the number of material oracle labels depends on the strongest cases.
leave_one_primary_case_out,WK07,3,1,1 of 3 retained primary cases meet the label,Yes—material-count claim,The procedural claim survives; the number of material oracle labels depends on the strongest cases.
leave_one_primary_case_out,UI01,3,2,2 of 3 retained primary cases meet the label,No,The procedural claim survives; the number of material oracle labels depends on the strongest cases.
leave_one_primary_case_out,UI09,3,1,1 of 3 retained primary cases meet the label,Yes—material-count claim,The procedural claim survives; the number of material oracle labels depends on the strongest cases.
leave_one_domain_out,built_environment: BE03,3,2,2 of 3 retained primary cases meet the label,No,UI01 and UI09 share utilities/infrastructure; domain deletion is not identical to every case deletion.
leave_one_domain_out,work: WK07,3,1,1 of 3 retained primary cases meet the label,Yes—material-count claim,UI01 and UI09 share utilities/infrastructure; domain deletion is not identical to every case deletion.
leave_one_domain_out,"utilities_infrastructure: UI01,UI09",2,1,1 of 2 retained primary cases meet the label,Yes—material-count claim,UI01 and UI09 share utilities/infrastructure; domain deletion is not identical to every case deletion.
remove_WK07,simulated C-MAPSS case,3,1,1 of 3 retained primary cases meets the label,Yes—material-count claim,Only the perfect-weather UI09 comparison remains material.
remove_UI09,perfect-weather irrigation case,3,1,1 of 3 retained primary cases meets the label,Yes—material-count claim,Only the simulated perfect-RUL WK07 comparison remains material.
remove_WK07_and_UI09,both strongest oracle cases,2,0,0 of 2 retained primary cases meets the label,Yes—empirical material-mismatch claim,The procedural and heterogeneous-outcome claims survive; evidence of material primary mismatch does not.
exclude_simulated_CMAPSS,source-quality sensitivity,3,1,1 of 3 retained primary cases meets the label,Yes—material-count claim,Material mismatch is not supported by more than one primary case after excluding simulation.
null_and_network_controls,NC03 and NC01,4,2,NC03 is an exact narrow null; NC01 remains unquantified,No—procedural claim strengthened,The frozen design does not force every incumbent into a redesign narrative.
classification_threshold_sensitivity,lower exploratory thresholds: BE03 10%; WK07 2.5%; UI09 2.5%,4,3,3 of 4 primary cases meet the threshold rules,Yes—classification count,Threshold variation is exploratory; it does not alter the frozen reported classifications.
classification_threshold_sensitivity,pre-specified thresholds: BE03 20%; WK07 5%; UI09 5%,4,2,2 of 4 primary cases meet the threshold rules,No,Threshold variation is exploratory; it does not alter the frozen reported classifications.
classification_threshold_sensitivity,higher exploratory thresholds: BE03 30%; WK07 10%; UI09 10%,4,2,2 of 4 primary cases meet the threshold rules,No,Threshold variation is exploratory; it does not alter the frozen reported classifications.
supported_model_or_loss_sensitivity,BE03: Schedule alternatives,4,2,range 0.0783925 to 0.377177 fraction,Yes—case magnitude and threshold status,Nominal on-time reduction varies strongly with the assumed fixed schedule.
supported_model_or_loss_sensitivity,WK07: Failure-cost and warning-lead alternatives,4,2,range 0.00210467 to 0.00300736 normalized cost per cycle,No—sign; yes—magnitude,Static regret remains positive across supported settings but remains a simulated perfect-information comparison.
supported_model_or_loss_sensitivity,UI01: Flexible-load fractions,4,2,range 0.0359227 to 0.359227 EUR per MWh baseline load,No—interpretation,Arithmetic savings scale with assumed flexibility; customer response and equilibrium remain unidentified.
supported_model_or_loss_sensitivity,UI09: Median/mean calendar rule and shortfall penalties,4,2,range 0.188772 to 0.585607 fraction,No—sign; yes—magnitude,The objective gap remains positive but depends strongly on the normative loss function.
