date,baseline_cost,adaptive_cost,savings,load_mwh,shifted_mwh
2018-10-01,87755100.88999997,87604357.6841,150743.20589996874,1427977.0,7077.549999999977
2018-10-02,58228145.02,58038917.427700005,189227.5922999978,1466079.0,6977.210000000017
2018-10-03,27519350.27,27240377.9559,278972.314100001,1211230.0,5992.529999999966
2018-10-04,93467403.75,93291881.22969998,175522.5203000158,1401361.0,6991.89000000005
2018-10-05,84956633.42999999,84806339.5389,150293.8910999894,1391312.0,6765.229999999934
2018-10-06,69661652.4,69571306.91160002,90345.48839998245,1194463.0,5906.330000000064
2018-10-07,62299693.9,62210285.9214,89407.97859999537,1111097.0,5433.60999999999
2018-10-08,92760030.27,92574825.174,185205.09600000083,1418461.0,7065.619999999948
2018-10-09,104379075.29,104164513.2723,214562.0177000016,1436716.0,7016.520000000073
2018-10-10,88318629.44000001,88133712.4439,184916.9961000085,1430495.0,6989.690000000086
2018-10-11,82833167.04,82655362.41679999,177804.62320001423,1459563.0,7158.91999999994
2018-10-12,81810458.76,81677133.28380002,133325.47619998455,1415770.0,7066.159999999909
2018-10-13,51954181.480000004,51822529.1046,131652.37540000677,1193530.0,5776.569999999974
2018-10-14,32999150.03,32904220.292600006,94929.73739999533,1110363.0,5323.920000000038
2018-10-15,88023682.74999999,87822148.7228,201534.0271999836,1394089.0,6945.70000000007
2018-10-16,104377310.42999998,104210111.35030001,167199.07969996333,1418567.0,7068.170000000086
2018-10-17,102873128.82999995,102677402.82190003,195726.0080999285,1418697.0,7087.530000000104
2018-10-18,92098620.87,91955253.32850003,143367.54149997234,1438018.0,7189.980000000072
2018-10-19,97446193.88999999,97303435.93849999,142757.95149999857,1400952.0,6987.729999999996
2018-10-20,72098360.10000001,72012576.9018,85783.19820000231,1220446.0,5926.649999999983
2018-10-21,63972725.70999999,63893195.5917,79530.11829999089,1149086.0,5603.509999999937
2018-10-22,83579975.10000001,83410673.5696,169301.53040000796,1473832.0,7333.290000000077
2018-10-23,50843916.11,50719421.5825,124494.52749999613,1541690.0,7575.320000000051
2018-10-24,75251893.01,75057512.667,194380.34300000966,1515599.0,7549.32000000012
2018-10-25,76079572.11,75932872.6249,146699.4851000011,1500498.0,7370.58000000002
2018-10-26,84841353.96000001,84667405.9264,173948.03360000253,1456458.0,7226.199999999953
2018-10-27,63317662.05,63192969.074700005,124692.97529999167,1254862.0,6173.620000000054
2018-10-28,50394084.03,50348575.350899994,45508.67910000682,1174365.0,5845.040000000052
2018-10-29,69376281.19,69220390.228,155890.9619999975,1503615.0,7355.850000000071
2018-10-30,52432486.64,52300461.353800006,132025.28619999439,1517364.0,7558.169999999933
2018-10-31,66759417.75,66584717.983700015,174699.76629998535,1410400.0,6962.5999999999985
2018-11-01,62563305.24999999,62478222.136399984,85083.11360000819,1284065.0,6414.969999999961
2018-11-02,76663970.24999999,76540706.78469999,123263.46529999375,1367496.0,6813.420000000027
2018-11-03,64411813.269999996,64323480.945199996,88332.3247999996,1227653.0,6066.269999999899
2018-11-04,54562945.95000001,54506402.0528,56543.89720001072,1137691.0,5684.689999999922
2018-11-05,85136430.56000002,85000646.69409999,135783.86590002477,1442013.0,7025.5200000000805
2018-11-06,88286151.59,88162193.21630001,123958.3736999929,1479157.0,7341.0599999999795
2018-11-07,85559411.69999999,85442190.09640001,117221.60359998047,1493652.0,7378.71000000001
2018-11-08,95884814.54,95750130.38639997,134684.1536000371,1484380.0,7357.030000000093
2018-11-09,88782057.45,88675969.27670002,106088.17329998314,1472366.0,7251.5799999999435
2018-11-10,55386596.93000001,55344879.65110001,41717.27889999747,1284212.0,6350.0399999999645
2018-11-11,46923817.53999999,46887997.042199984,35820.49780000746,1165932.0,5766.610000000066
2018-11-12,83026280.30999999,82891865.52239999,134414.78759999573,1460835.0,7204.019999999979
2018-11-13,81167051.87999998,81058328.1988,108723.68119998276,1508330.0,7468.089999999993
2018-11-14,96484497.72000001,96351069.9854,133427.73460000753,1516248.0,7510.020000000033
2018-11-15,97997649.17999999,97873185.71499999,124463.46500000358,1520287.0,7521.310000000023
2018-11-16,89006669.17999998,88872121.7835,134547.39649997652,1518947.0,7569.939999999984
2018-11-17,65723271.88999999,65665367.60109999,57904.28890000284,1347902.0,6646.560000000005
2018-11-18,57595355.14000001,57562945.92880001,32409.211199998856,1208910.0,5918.330000000049
2018-11-19,75420477.40000002,75341026.2187,79451.18130001426,1553505.0,7523.409999999971
2018-11-20,77634615.99999999,77532183.9743,102432.02569998801,1598471.0,7963.549999999974
2018-11-21,89351831.58000001,89238208.9299,113622.65010000765,1579057.0,7803.889999999992
2018-11-22,126962747.26,126702452.358,260294.90200001,1576963.0,7807.510000000064
2018-11-23,126669589.37,126422939.5693,246649.80070000887,1533054.0,7582.430000000011
2018-11-24,82490171.18,82382877.0327,107294.14730000496,1325077.0,6589.130000000008
2018-11-25,66877335.18,66817622.1757,59713.00429999828,1234771.0,6090.419999999976
2018-11-26,117490286.96000001,117260006.66660003,230280.2933999747,1533186.0,7429.759999999962
2018-11-27,121086536.95,120842588.6339,243948.31610000134,1564673.0,7779.96000000001
2018-11-28,87017982.13,86918074.70430002,99907.42569997907,1632186.0,8138.220000000045
2018-11-29,83219728.16999999,83112442.13510002,107286.03489996493,1624417.0,8027.089999999949
2018-11-30,93022549.03000002,92884226.19960001,138322.83040000498,1570105.0,7782.559999999998
2018-12-01,63158730.71,63052270.232899986,106460.47710001469,1347673.0,6653.57999999998
2018-12-02,38296341.68,38219064.03519999,77277.64480000734,1252745.0,6260.499999999982
2018-12-03,73147044.03,73020760.1513,126283.87870000303,1548749.0,7532.080000000027
2018-12-04,82550712.11,82402832.96929999,147879.14070001245,1572575.0,7657.759999999991
2018-12-05,95453643.74,95319181.27359998,134462.46640001237,1590781.0,7926.159999999985
2018-12-06,88871537.83000003,88731401.4287,140136.40130002797,1593044.0,7842.900000000023
2018-12-07,67403830.02,67255699.911,148130.10899999738,1563709.0,7674.69999999999
2018-12-08,16704811.780000001,16601683.728100004,103128.05189999752,1382247.0,6769.070000000098
2018-12-09,13374484.250000002,13229176.9299,145307.320100002,1277510.0,6377.07000000004
2018-12-10,63696335.57,63525137.617100015,171197.95289998502,1599822.0,7874.759999999922
2018-12-11,92097417.19000001,91922430.3387,174986.85130001605,1604740.0,7991.649999999958
2018-12-12,113819921.33999999,113620279.03540002,199642.30459997058,1586182.0,7906.77
2018-12-13,108268683.03000002,108102829.23249996,165853.797500059,1604332.0,8008.050000000119
2018-12-14,116403482.33,116202894.47289999,200587.85710000992,1588320.0,7828.900000000045
2018-12-15,75394745.62,75312235.3819,82510.23810000718,1395873.0,6929.959999999992
2018-12-16,67226934.74999999,67121134.27319999,105800.4767999947,1312151.0,6455.690000000006
2018-12-17,109751762.74999999,109603544.94749999,148217.80249999464,1542793.0,7548.280000000061
2018-12-18,94106433.23,93971502.65570001,134930.57429999113,1567917.0,7767.169999999936
2018-12-19,91786239.35,91625763.94759999,160475.40240000188,1578343.0,7830.580000000049
2018-12-20,87713264.89,87600895.85430002,112369.03569997847,1523754.0,7476.059999999972
2018-12-21,70630865.03,70503899.9388,126965.09119999409,1444579.0,7032.319999999989
2018-12-22,50674494.51,50509004.448199995,165490.06180000305,1246021.0,6204.7600000000275
2018-12-23,50729340.07,50589157.423200004,140182.6467999965,1147709.0,5704.630000000041
2018-12-24,53415286.43000001,53347855.81490001,67430.61509999633,1140316.0,5655.059999999925
2018-12-25,22322433.4,22182606.118199997,139827.28180000186,1106457.0,5370.3400000000365
2018-12-26,56667128.370000005,56546755.650699995,120372.71930000931,1138860.0,5674.88999999993
2018-12-27,78056560.47,77968502.51579998,88057.95420001447,1276655.0,6380.359999999906
2018-12-28,77358657.85,77284488.4711,74169.37889999151,1271236.0,6351.159999999931
2018-12-29,57106784.87999999,56994803.2826,111981.59739998728,1238940.0,6182.539999999954
2018-12-30,42598644.379999995,42388559.774600014,210084.60539998114,1140026.0,5560.970000000118
2018-12-31,63277417.199999996,63180228.40179999,97188.7982000038,1159148.0,5774.670000000009
2019-01-01,-7194458.899999999,-7277552.156199999,83093.25619999971,1106134.0,5365.989999999922
2019-01-02,47675376.4,47379136.7272,296239.67279999703,1389947.0,6892.39999999998
2019-01-04,72709315.41,72645672.0995,63643.31049999595,1468658.0,7245.049999999999
2019-01-05,58009809.919999994,57875450.1463,134359.7736999914,1311455.0,6458.500000000015
2019-01-06,66082384.70999999,66015734.7689,66649.94109999388,1200456.0,5945.84
2019-01-07,78815381.69000001,78602263.6475,213118.04250001907,1518396.0,7498.42000000002
2019-01-08,57771529.93,57630726.75210001,140803.1778999865,1602000.0,7915.380000000019
2019-01-09,69093424.47,68941569.90540001,151854.56459999084,1618257.0,7942.860000000041
2019-01-10,108491729.76999998,108329204.1485,162525.62149998546,1566380.0,7777.559999999961
2019-01-11,80538179.36000001,80456070.0795,82109.28050000966,1598917.0,7915.710000000094
2019-01-12,54512834.6,54457973.911800005,54860.68819999695,1365550.0,6810.01000000002
2019-01-13,17631845.11,17497791.4134,134053.69659999758,1288365.0,6246.8399999999565
2019-01-14,59075881.839999996,58874217.98180001,201663.85819998384,1592336.0,7838.859999999982
2019-01-15,74509461.33000001,74378988.62629999,130472.70370002091,1610267.0,7956.570000000043
2019-01-16,74130245.66000001,74005514.5645,124731.09550000727,1600731.0,7913.689999999995
2019-01-17,71999049.38,71871124.51979999,127924.86020000279,1610866.0,8026.46999999995
2019-01-18,98288068.26999998,98150976.91049996,137091.35950002074,1551642.0,7725.80000000005
2019-01-19,74674741.31,74621007.73699999,53733.57300001383,1344197.0,6566.899999999983
2019-01-20,69061843.87,68988258.2091,73585.66090001166,1261992.0,6143.059999999961
2019-01-21,112598988.25999999,112437310.78940001,161677.47059997916,1577516.0,7841.760000000082
2019-01-22,104728462.92,104596602.4714,131860.44860000908,1641260.0,8130.6500000000415
2019-01-23,127161614.96000001,126960010.54980001,201604.4101999998,1648837.0,8225.409999999974
2019-01-24,143221231.60000002,142949063.52360004,272168.076399982,1627020.0,8120.780000000017
2019-01-25,107330538.94999999,107142512.66110002,188026.28889997303,1608106.0,8019.730000000021
2019-01-26,68579421.36,68484243.53480001,95177.82519999146,1397874.0,6917.769999999993
2019-01-27,46939531.02,46808694.735400006,130836.2845999971,1263474.0,6178.10999999999
2019-01-28,81071047.9,80963821.50559999,107226.39440001547,1575492.0,7787.580000000031
2019-01-29,97166230.01999998,97036564.83819996,129665.18180002272,1583101.0,7892.460000000112
2019-01-30,85013952.78,84922412.23990002,91540.54009997845,1582439.0,7889.159999999971
2019-01-31,95311599.35999998,95190108.69799997,121490.66200001538,1568665.0,7835.780000000046
2019-02-01,88539913.53999999,88433423.8504,106489.68959999084,1567726.0,7777.170000000016
2019-02-02,66783999.2,66726616.3336,57382.86640000343,1324352.0,6580.420000000016
2019-02-04,68557087.10999998,68478748.6791,78338.43089997768,1554087.0,7757.500000000069
2019-02-05,87875402.68,87761853.97810002,113548.70189999044,1590847.0,7923.980000000018
2019-02-06,82194200.98,82119091.39750002,75109.58249998093,1576287.0,7854.660000000047
2019-02-07,71713196.06,71633398.2878,79797.77220000327,1612574.0,7833.549999999999
2019-02-08,64730057.04999999,64589872.60780001,140184.4421999827,1567387.0,7808.290000000055
2019-02-09,11057092.89,10938226.0441,118866.845900001,1366553.0,6601.840000000113
2019-02-10,35267137.769999996,35138644.60509999,128493.16490000486,1246545.0,6201.919999999987
2019-02-11,56838531.04,56680630.72020002,157900.319799982,1590484.0,7769.980000000036
2019-02-12,75090467.34000002,74986176.78279999,104290.55720002949,1579150.0,7878.069999999992
2019-02-13,73303302.56,73237008.5199,66294.04010000825,1584717.0,7911.910000000076
2019-02-14,77186914.94999999,77083682.90230002,103232.04769997299,1547331.0,7602.730000000036
2019-02-15,72701315.64000002,72611503.01159999,89812.62840002775,1519856.0,7447.200000000026
2019-02-16,50933103.13999999,50883106.61240001,49996.52759998292,1292968.0,6349.579999999951
2019-02-17,46628768.52,46591435.5369,37332.983100004494,1180901.0,5649.730000000007
2019-02-18,70028058.72,69939139.2287,88919.49130000174,1489903.0,7432.929999999997
2019-02-19,64969852.08000001,64893318.89680001,76533.18320000172,1556945.0,7705.350000000075
2019-02-21,66837120.05,66760739.1919,76380.85809999704,1524281.0,7410.180000000044
2019-02-22,71863891.16,71787393.32679999,76497.83320000768,1505378.0,7436.969999999987
2019-02-23,52041149.62000001,51989991.45520001,51158.16480000317,1289527.0,6200.660000000014
2019-02-24,47515192.519999996,47468913.96919999,46278.55080000311,1177702.0,5643.800000000014
2019-02-25,65691079.45,65607323.393300004,83756.05669999868,1461047.0,7265.100000000002
2019-02-26,67298967.28,67212699.573,86267.70700000226,1487008.0,7219.560000000038
2019-02-27,66172291.160000004,66093166.2522,79124.90780000389,1496402.0,7373.290000000015
2019-02-28,61490772.94000001,61414363.5291,76409.41090001166,1490329.0,7320.420000000016
2019-03-01,69344716.19000001,69293113.76609999,51602.4239000231,1486023.0,7293.41000000004
2019-03-02,52008877.370000005,51948980.94550001,59896.42449999601,1276346.0,6187.929999999975
2019-03-03,11855440.709999999,11744516.2702,110924.43979999982,1191741.0,5746.319999999963
2019-03-04,21498225.94,21305378.879,192847.0610000007,1479557.0,7280.96999999991
2019-03-05,51726830.640000015,51534736.9474,192093.69260001183,1508600.0,7284.350000000028
2019-03-06,51924080.78999999,51840653.073800005,83427.71619998664,1501309.0,7408.6299999999355
2019-03-07,44278323.870000005,44182302.849700004,96021.0203000009,1512387.0,7450.110000000066
2019-03-08,41629037.04999999,41463108.1357,165928.91429998726,1485892.0,7404.290000000037
2019-03-09,8112222.32,8012822.1536,99400.16640000045,1288324.0,6233.130000000001
2019-03-10,24267536.729999997,24156482.007400002,111054.72259999439,1171949.0,5761.729999999992
2019-03-11,61129699.09,61015477.694299996,114221.39570000768,1502879.0,7276.0600000000195
2019-03-12,53959622.18999999,53840127.8041,119494.3858999908,1510259.0,7454.36000000007
2019-03-13,29981751.200000003,29830696.037199996,151055.16280000657,1553856.0,7535.86999999997
2019-03-14,51474460.99,51374725.80910001,99735.18089999259,1559996.0,7762.270000000019
2019-03-15,39904842.18000001,39742878.64840001,161963.53159999847,1531488.0,7610.360000000073
2019-03-16,23263352.62,23124006.583800007,139346.03619999439,1281766.0,6303.430000000084
2019-03-17,2450602.159999999,2288440.3271999997,162161.8327999995,1207280.0,5832.0400000000045
2019-03-18,50829136.56999999,50685528.74030001,143607.82969998568,1504752.0,7349.090000000029
2019-03-19,69254342.83,69182033.7145,72309.1155000031,1510720.0,7351.909999999956
2019-03-20,62329851.989999995,62265527.29250001,64324.69749998301,1492906.0,7221.870000000046
2019-03-21,59255193.31999999,59187599.820300005,67593.49969998747,1471563.0,7047.319999999992
2019-03-22,58306734.75999999,58240156.67039999,66578.0895999968,1432124.0,6957.069999999996
2019-03-23,43711032.57,43665017.7619,46014.808100000024,1222201.0,6076.18
2019-03-24,37062239.53,37019054.070599996,43185.45940000564,1125221.0,5609.8899999999885
2019-03-25,48608495.250000015,48527284.87420001,81210.37580000609,1463795.0,7129.670000000035
2019-03-26,54910452.879999995,54835379.9812,75072.8987999931,1489769.0,7338.5600000000195
2019-03-27,59736931.11,59689949.92530001,46981.184699989855,1476212.0,7198.320000000054
2019-03-28,62799235.16999999,62744292.937300004,54942.23269998282,1455512.0,7170.470000000063
2019-03-29,56335326.61,56260710.9541,74615.65590000153,1408244.0,6720.210000000028
2019-03-30,41877704.169999994,41825773.16130002,51931.00869997591,1193024.0,5867.350000000111
2019-04-01,54226760.249999985,54134362.1337,92398.11629998684,1413626.0,6894.310000000009
2019-04-02,50740934.849999994,50665091.3225,75843.52749999613,1470390.0,7128.08999999996
2019-04-03,63026362.879999995,62949187.27719999,77175.60280000418,1457141.0,7269.900000000078
2019-04-04,62605308.099999994,62524357.256900005,80950.843099989,1470103.0,7237.720000000008
2019-04-05,62506606.7,62442425.0181,64181.68190000206,1447467.0,6995.979999999967
2019-04-06,45687404.51,45642935.213300005,44469.29669999331,1199198.0,5795.360000000001
2019-04-07,42186266.08,42135983.282000005,50282.79799999297,1103132.0,5453.369999999992
2019-04-08,63132061.269999996,63054449.96729999,77611.30270000547,1412213.0,6991.03999999995
2019-04-09,62277085.12,62212634.11440001,64451.00559999049,1459630.0,7241.9700000000375
2019-04-10,63041931.53,62972387.64989999,69543.88010001183,1458808.0,7079.669999999922
2019-04-11,65725238.38,65645581.39,79656.99000000209,1450116.0,7041.230000000076
2019-04-12,65749188.28,65687178.3642,62009.91579999775,1439247.0,6995.329999999984
2019-04-13,50759050.07000001,50718532.24429999,40517.82570001483,1243043.0,6137.999999999953
2019-04-14,43050363.769999996,43014492.89270001,35870.87729998678,1152579.0,5743.930000000022
2019-04-15,59293689.480000004,59203341.07879999,90348.40120001137,1407871.0,6760.059999999976
2019-04-16,60650531.83,60562990.417699985,87541.412300013,1454465.0,7069.439999999948
2019-04-17,59719273.449999996,59641768.885,77504.56499999762,1438289.0,7041.890000000072
2019-04-18,56301224.870000005,56213419.53239999,87805.3376000151,1377883.0,6563.430000000037
2019-04-19,35944351.32999999,35859634.45610001,84716.87389998138,1069370.0,5256.779999999919
2019-04-20,36535714.61000001,36468978.716,66735.8940000087,1053019.0,5202.370000000032
2019-04-21,29182936.169999998,29108014.429900005,74921.7400999926,950666.0,4749.299999999948
2019-04-22,-18734566.53,-19009939.819,275373.2889999971,1021855.0,4943.8799999999865
2019-04-23,24571132.559999995,24343708.873299997,227423.68669999763,1377053.0,6734.2800000000025
2019-04-24,49765512.440000005,49673800.920100026,91711.51989997923,1398345.0,6764.110000000102
2019-04-25,56859704.5,56763521.504,96182.99599999934,1405187.0,6803.0099999999475
2019-04-26,61056725.86,60982170.469599985,74555.39040001482,1390797.0,6904.229999999861
2019-04-27,37431598.730000004,37390202.6799,41396.05010000616,1166592.0,5661.83999999996
2019-04-28,39495498.06,39440161.9969,55336.063100002706,1095825.0,5287.659999999996
2019-04-29,61524092.43999999,61457259.20099999,66833.23900000006,1412627.0,6887.480000000007
2019-04-30,59800353.800000004,59711512.29200001,88841.50799999386,1377156.0,6689.600000000024
2019-05-01,26769102.299999997,26689227.3708,79874.92919999734,1081131.0,5325.620000000021
2019-05-02,54247268.14999999,54169872.75790001,77395.39209998399,1394381.0,6663.970000000019
2019-05-03,58044485.94999998,57984518.1115,59967.838499978185,1400308.0,6810.1500000000415
2019-05-04,47306182.39000001,47252113.914500006,54068.4755000025,1202822.0,5728.720000000012
2019-05-05,34633089.45,34574069.1621,59020.28790000081,1122367.0,5502.749999999938
2019-05-06,65279944.980000004,65213813.5954,66131.38460000604,1444536.0,6887.029999999926
2019-05-07,73456823.96000001,73368285.0576,88538.90240000188,1439463.0,6954.10000000006
2019-05-08,56880097.29,56821271.8042,58825.485799998045,1455409.0,7187.259999999933
2019-05-09,66932758.13999999,66863313.089200005,69445.05079998821,1437882.0,7034.299999999919
2019-05-10,63941925.26,63859704.2829,82220.97709999979,1411271.0,6730.600000000039
2019-05-11,43886982.45,43861296.99949999,25685.450500011444,1189097.0,5789.960000000145
2019-05-12,21199141.97,21048687.5025,150454.46749999747,1099606.0,5447.010000000024
2019-05-13,55298434.730000004,55205703.829900004,92730.9001000002,1383959.0,6750.6899999999805
2019-05-14,58466885.6,58383693.7955,83191.80449999869,1420739.0,6945.509999999951
2019-05-15,59012575.120000005,58941509.8634,71065.25660000741,1438278.0,6986.040000000019
2019-05-16,58706238.73000001,58655347.7436,50890.9864000082,1459467.0,7201.17999999996
2019-05-17,61533201.42000001,61460544.461500004,72656.9585000053,1415499.0,6981.260000000009
2019-05-18,43265985.11,43226513.50470001,39471.6052999869,1158240.0,5731.849999999955
2019-05-19,37885369.42,37851092.929400004,34276.49059999734,1072162.0,5228.28000000005
2019-05-20,66195145.77000001,66106094.7944,89050.97560001165,1399235.0,6877.029999999955
2019-05-21,63882851.49999999,63801598.4014,81253.09859999269,1449697.0,7124.820000000011
2019-05-22,58610059.51999999,58531662.844399996,78396.67559999228,1435004.0,6974.630000000019
2019-05-23,58197916.86,58115508.72039999,82408.13960000873,1413865.0,6950.98000000008
2019-05-24,56709605.79000001,56645921.340100035,63684.449899971485,1388745.0,6822.079999999922
2019-05-25,41675176.019999996,41640573.7288,34602.29119999707,1147276.0,5537.910000000145
2019-05-26,21526445.659999996,21414038.500200003,112407.15979999304,1075819.0,5373.670000000046
2019-05-27,52581265.98,52501000.56360001,80265.41639998555,1387136.0,6754.060000000063
2019-05-28,62061805.14999999,61975776.39389999,86028.75609999895,1404692.0,6997.750000000058
2019-05-29,57857621.059999995,57774007.731,83613.32899999619,1371684.0,6730.810000000041
2019-05-30,17809000.41,17666979.5624,142020.84760000184,1108205.0,5489.840000000022
2019-05-31,44235353.56,44168977.66029999,66375.89970001578,1219625.0,5863.9599999999955
2019-06-01,33674937.60000001,33621924.90659999,53012.69340001792,1135523.0,5597.299999999992
2019-06-02,22839955.779999997,22732404.028200008,107551.75179998949,1070116.0,5247.020000000077
2019-06-03,54135578.36,54047319.847399995,88258.51260000467,1403212.0,6693.960000000046
2019-06-04,55794327.95000001,55709039.29550001,85288.65450000018,1429906.0,7007.510000000031
2019-06-05,56288492.86,56199232.08060001,89260.77939999104,1449693.0,7094.240000000082
2019-06-06,53434888.660000004,53338215.7637,96672.89630000293,1426183.0,6975.43000000004
2019-06-07,47191267.48999999,47046276.8705,144990.61949998885,1361258.0,6640.629999999972
2019-06-08,-49059384.20000001,-49412525.62330001,353141.42329999804,1156673.0,5777.410000000022
2019-06-09,23997322.17,23878238.2858,119083.884200003,1012645.0,4999.170000000027
2019-06-10,33134134.33,33095277.3921,38856.93789999932,1051722.0,5066.270000000055
2019-06-11,63736139.52000001,63642771.43,93368.09000001103,1367275.0,6737.9300000000185
2019-06-12,63107228.88999999,62997591.884500004,109637.0054999888,1427962.0,7051.970000000052
2019-06-13,53905149.84,53776859.92419998,128289.9158000201,1387957.0,6928.04000000011
2019-06-14,58530193.18,58403907.347699985,126285.8323000148,1381865.0,6762.529999999966
2019-06-15,35524512.980000004,35474981.672199994,49531.30780000985,1174210.0,5862.829999999933
2019-06-16,33947368.63,33879875.0671,67493.56289999932,1071104.0,5163.760000000002
2019-06-17,58751181.10999999,58627566.15890001,123614.95109998435,1388512.0,6688.73
2019-06-18,61704472.970000006,61593654.11370001,110818.85629999638,1438052.0,6866.020000000004
2019-06-19,59043819.21000001,58949323.31609999,94495.89390002191,1423015.0,6959.609999999961
2019-06-20,44111820.95999999,44058023.04500001,53797.914999984205,1198383.0,5775.599999999988
2019-06-21,49503779.63999999,49435987.5897,67792.05029999465,1270631.0,6125.819999999996
2019-06-22,35370157.33,35346205.81910001,23951.510899990797,1133822.0,5460.549999999901
2019-06-23,21842172.34,21749998.420800004,92173.9191999957,1056398.0,5238.429999999946
2019-06-24,49768563.94,49676159.1075,92404.83249999583,1412533.0,6869.820000000032
2019-06-25,61453563.480000004,61310937.484599985,142625.995400019,1465615.0,7156.700000000055
2019-06-26,56955572.62,56853587.607599996,101985.01240000129,1483989.0,7179.20000000007
2019-06-27,52507140.17,52427378.4651,79761.70490000397,1452329.0,7042.079999999984
2019-06-28,61022612.65999999,60892178.75529999,130433.90469999611,1383743.0,6709.169999999969
2019-06-29,38588427.87999999,38525041.3324,63386.547599986196,1175291.0,5852.619999999955
2019-06-30,16744663.36,16575405.4606,169257.89939999953,1112551.0,5391.070000000007
2019-07-01,48132611.29000001,48045907.5562,86703.7338000089,1443363.0,6892.2000000000735
2019-07-02,48016849.12,47946423.3568,70425.76319999993,1424640.0,6789.439999999948
2019-07-03,49526088.25,49455267.5433,70820.70669999719,1416252.0,6758.640000000018
2019-07-04,48607356.430000015,48545082.54029999,62273.88970002532,1423576.0,6856.9100000001345
2019-07-05,50312828.39,50240906.117800005,71922.27219999582,1397165.0,6803.050000000068
2019-07-06,34096168.38,34078879.49120001,17288.888799995184,1176435.0,5864.110000000037
2019-07-07,26924773.349999998,26866488.547699995,58284.802300002426,1070341.0,5171.659999999953
2019-07-08,49572272.64999999,49529621.73200001,42650.917999982834,1377463.0,6859.529999999937
2019-07-09,53147904.169999994,53089487.5965,58416.57349999249,1396828.0,6878.740000000016
2019-07-10,58170438.690000005,58099794.6099,70644.08010000736,1385898.0,6687.970000000027
2019-07-11,65309530.089999996,65239534.6501,69995.43989999592,1392901.0,6890.260000000017
2019-07-12,63311164.82000001,63226726.164599985,84438.65540002286,1379895.0,6833.4299999999785
2019-07-13,42633933.6,42614240.036,19693.56400000304,1154319.0,5576.060000000038
2019-07-14,37659536.42999999,37632585.1759,26951.254099994898,1048060.0,5050.9599999999955
2019-07-15,56841188.71999999,56785993.14719999,55195.57280000299,1354617.0,6682.929999999968
2019-07-16,60494361.190000005,60426006.51930001,68354.67069999874,1387350.0,6830.609999999997
2019-07-17,63699184.80000001,63627601.62899999,71583.17100001872,1374821.0,6730.579999999991
2019-07-18,61291581.5,61225582.40139999,65999.0986000076,1391050.0,6723.96000000001
2019-07-19,61619568.849999994,61544298.5445,75270.30549999326,1359696.0,6620.699999999979
2019-07-20,39531855.410000004,39502832.787700005,29022.622299999,1146555.0,5711.5600000000995
2019-07-21,33499537.049999993,33433794.996699996,65742.053299997,1053848.0,5190.6200000000135
2019-07-22,58540724.02,58471632.45779999,69091.56220000982,1354165.0,6563.0999999999585
2019-07-23,65522683.29000001,65429981.00970001,92702.28029999882,1386258.0,6703.360000000001
2019-07-24,72531344.61999999,72422378.6954,108965.92459999025,1408705.0,6832.780000000024
2019-07-25,71816539.05,71719786.52440001,96752.52559998631,1423443.0,6941.620000000083
2019-07-26,62960366.28,62871889.702800006,88476.57719999552,1399014.0,6845.530000000061
2019-07-27,41047529.86,41025715.7728,21814.087200000882,1152446.0,5635.380000000037
2019-07-28,34886484.11,34841278.97569999,45205.134300008416,1064847.0,5131.019999999979
2019-07-29,62980326.2,62902418.8492,77907.35080000013,1348391.0,6727.710000000079
2019-07-30,62429834.26999998,62355610.660500005,74223.60949997604,1391678.0,6713.420000000016
2019-07-31,67539043.53,67432486.8973,106556.63269999623,1372556.0,6725.660000000036
2019-08-01,60384224.13000001,60304563.380899996,79660.74910001457,1341990.0,6505.850000000039
2019-08-02,57801808.03000001,57753318.6433,48489.38670001179,1315956.0,6475.440000000024
2019-08-03,39664198.190000005,39633682.916799985,30515.273200020194,1096299.0,5408.140000000145
2019-08-04,35494826.85,35445508.8211,49318.02890000492,1010191.0,4875.6699999999655
2019-08-05,60922487.2,60848654.7772,73832.42280000448,1289173.0,6427.829999999987
2019-08-06,56137809.71000001,56080101.9989,57707.711100012064,1327186.0,6529.7900000000445
2019-08-07,54820219.04,54782625.02940001,37594.01059998572,1335343.0,6575.679999999924
2019-08-08,46794691.58,46727993.375,66698.20499999821,1337608.0,6643.889999999963
2019-08-09,51648227.53,51590937.27849998,57290.25150001794,1329669.0,6640.11999999997
2019-08-10,11550428.740000002,11352335.448800003,198093.29119999893,1140212.0,5566.429999999935
2019-08-11,15326355.31,15137726.661999999,188628.6480000019,1052111.0,5254.02
2019-08-12,55644991.04,55539602.85440001,105388.18559999019,1309762.0,6344.17000000006
2019-08-13,50281894.61000001,50204994.06710001,76900.54289999604,1324181.0,6364.98999999998
2019-08-14,50849584.120000005,50746417.87419999,103166.24580001831,1304364.0,6274.060000000078
2019-08-15,40362371.64,40313482.31499999,48889.32500001043,1310153.0,6343.159999999898
2019-08-16,45892009.21000001,45807315.46349999,84693.74650001526,1271157.0,6253.509999999918
2019-08-17,29621369.79,29560555.69169999,60814.098300009966,1108830.0,5477.420000000104
2019-08-18,28246846.199999996,28192891.6741,53954.52589999512,1032499.0,5142.729999999992
2019-08-19,46304193.96000001,46227737.707,76456.25300000608,1327407.0,6363.869999999977
2019-08-20,54300092.84,54225867.6314,74225.208600007,1336976.0,6564.140000000007
2019-08-21,55640091.3,55531864.3304,108226.96959999949,1321557.0,6386.529999999966
2019-08-22,48343562.88000001,48273068.709400006,70494.1706000045,1327830.0,6404.230000000029
2019-08-23,49558841.07,49481428.170099996,77412.89990000427,1311011.0,6328.03000000009
2019-08-24,35607820.580000006,35568251.7436,39568.83640000224,1114002.0,5568.440000000013
2019-08-25,32715741.04,32660320.333600003,55420.70639999583,1045026.0,5082.810000000005
2019-08-26,64323096.330000006,64202325.2277,120771.10230000317,1374710.0,6665.040000000041
2019-08-27,67104860.17,67015049.447100006,89810.72289999574,1419377.0,7079.990000000005
2019-08-28,73643037.22000001,73505721.73830001,137315.48170000315,1419799.0,6940.060000000107
2019-08-29,62887890.2,62779743.266399994,108146.93360000849,1401032.0,6861.96999999991
2019-08-30,56910266.34,56821410.060600005,88856.27939999849,1361627.0,6576.680000000015
2019-08-31,37933805.019999996,37890082.8912,43722.12879999727,1146184.0,5614.96999999995
2019-09-01,31855959.999999993,31821653.136,34306.86399999261,1046008.0,5133.39999999998
2019-09-02,53036864.45999999,52948630.3127,88234.14729999006,1313519.0,6528.569999999963
2019-09-03,48323691.589999996,48242565.2723,81126.31769999862,1346794.0,6429.039999999972
2019-09-04,46284954.88000001,46215094.269600004,69860.61040000618,1356185.0,6642.520000000048
2019-09-05,44100707.980000004,44032106.3829,68601.59710000455,1377511.0,6689.8000000000575
2019-09-06,44263690.82000001,44204302.148399994,59388.67160001397,1332328.0,6366.070000000014
2019-09-07,40727112.85,40684351.907699995,42760.94230000675,1116006.0,5522.800000000025
2019-09-08,39146120.459999986,39100145.383999996,45975.075999990106,1045108.0,5102.659999999978
2019-09-09,62281295.25,62176285.0249,105010.22510000318,1339920.0,6626.070000000051
2019-09-10,50452085.480000004,50375597.66060001,76487.81939999759,1360518.0,6641.550000000087
2019-09-11,47001958.06,46939879.45420001,62078.60579999536,1380946.0,6873.169999999987
2019-09-12,54158477.1,54067205.8382,91271.26179999858,1399640.0,6980.129999999954
2019-09-13,55435918.18,55366335.4556,69582.72439999878,1378963.0,6783.179999999931
2019-09-14,40653516.28999999,40595208.469500005,58307.82049998641,1128892.0,5503.22999999993
2019-09-15,25411344.269999996,25268023.6098,143320.66019999608,1053611.0,5132.960000000017
2019-09-16,65983064.080000006,65897643.0733,85421.00670000911,1353549.0,6763.200000000019
2019-09-17,46326682.03999999,46231156.875700004,95525.16429998726,1384819.0,6787.6200000000135
2019-09-18,50971709.69,50853837.521699995,117872.16830000281,1365618.0,6670.700000000055
2019-09-19,61616393.70999999,61497857.38909999,118536.32090000063,1371723.0,6665.5199999999895
2019-09-20,57625178.07000001,57520124.515099995,105053.55490001291,1341798.0,6674.809999999983
2019-09-21,39572889.38000001,39506576.97519999,66312.40480002016,1144542.0,5672.370000000039
2019-09-22,31630563.119999997,31592868.183700006,37694.93629999086,1061289.0,5229.910000000065
2019-09-23,64369450.71999999,64278831.22779999,90619.49220000207,1390302.0,6850.549999999996
2019-09-24,68162473.16,68058332.22309999,104140.93690000474,1410039.0,7047.570000000054
2019-09-25,67584882.06,67496598.2872,88283.77279999852,1411173.0,6979.900000000023
2019-09-26,59863763.64000001,59782409.03020001,81354.60979999602,1419435.0,6999.749999999956
2019-09-27,54759789.37,54659714.9333,100074.43669999391,1397074.0,6871.35999999991
2019-09-28,25999863.71,25889839.8561,110023.85390000045,1165135.0,5655.330000000045
2019-09-29,12112953.919999998,12017710.205200002,95243.71479999647,1095616.0,5395.029999999944
2019-09-30,37667056.43,37424845.61860001,242210.81139998883,1402711.0,6940.040000000052
2019-10-01,62606366.650000006,62516001.5483,90365.10170000792,1440660.0,7004.7300000000505
2019-10-02,57719887.36,57616319.0105,103568.34950000048,1402017.0,6982.910000000047
2019-10-03,46281455.650000006,46200349.993200004,81105.65680000186,1117539.0,5361.050000000061
2019-10-04,55295907.79,55225890.6416,70017.14840000123,1249773.0,6140.870000000028
2019-10-05,42734928.59,42676272.351900004,58656.238099999726,1138956.0,5620.100000000028
2019-10-06,35814860.86,35772707.382800005,42153.47719999403,1117468.0,5526.3500000000895
2019-10-07,64808033.63,64694227.1883,113806.44170000404,1397472.0,6876.090000000047
2019-10-08,51176155.53999999,51085500.0647,90655.47529999167,1442383.0,7047.719999999972
2019-10-09,52068748.06999999,51968625.70799999,100122.36200000346,1438713.0,7192.790000000063
2019-10-10,44979322.01,44866831.239300005,112490.77069999278,1445417.0,6999.300000000083
2019-10-11,36194249.339999996,36082480.022,111769.31799999624,1430782.0,7131.370000000028
2019-10-12,26442532.22,26312811.4216,129720.79839999974,1187784.0,5824.900000000038
2019-10-13,21789929.070000004,21712649.9585,77279.11150000244,1109039.0,5321.000000000076
2019-10-14,55768405.26,55641191.02770002,127214.23229997605,1397293.0,6805.829999999929
2019-10-15,66525439.66,66401570.32079999,123869.33920000494,1453900.0,7144.370000000006
2019-10-16,58705429.42,58608304.074800014,97125.34519998729,1470762.0,7314.049999999948
2019-10-17,66131068.76,66011931.1274,119137.63259999454,1455462.0,7167.080000000049
2019-10-18,51042842.44000001,50963336.33019999,79506.10980002582,1432720.0,7009.329999999951
2019-10-19,40391297.13,40339181.35430001,52115.77569999546,1198847.0,5942.860000000106
2019-10-20,39200860.199999996,39140141.803399995,60718.39660000056,1101880.0,5486.290000000023
2019-10-21,65358030.870000005,65251710.255499996,106320.61450000852,1421499.0,7010.580000000031
2019-10-22,69113405.58000001,68998530.0447,114875.5353000164,1450635.0,7208.38999999997
2019-10-23,65455276.22,65345301.63520001,109974.58479999006,1468825.0,7192.810000000023
2019-10-24,57219551.35,57117429.9633,102121.38670000434,1462522.0,7151.200000000048
2019-10-25,52677146.07999999,52575701.3621,101444.71789999306,1426095.0,6968.2500000000255
2019-10-26,21670282.349999998,21550849.489700004,119432.8602999933,1216982.0,5873.800000000032
2019-10-27,28948111.55,28840843.349699993,107268.20030000806,1120044.0,5562.79999999997
2019-10-28,63674519.57000001,63565266.79650001,109252.77349999547,1441316.0,7097.799999999916
2019-10-29,72690817.06,72580249.48620002,110567.57379998267,1474928.0,7315.339999999887
2019-10-30,72110834.08999999,72002698.7478,108135.34219999611,1473451.0,7361.970000000008
2019-10-31,59505804.81,59430144.44369999,75660.36630000919,1378551.0,6751.110000000008
2019-11-01,40023888.67,39986422.3081,37466.361900001764,1244387.0,6064.110000000055
2019-11-02,32849944.420000006,32809223.81380001,40720.60619999468,1194252.0,5904.780000000013
2019-11-03,31719024.870000005,31609933.746299997,109091.1237000078,1109506.0,5481.189999999988
2019-11-04,57428786.99000001,57332647.02880001,96139.96119999886,1424479.0,6847.729999999974
2019-11-05,65513670.769999996,65409276.175900005,104394.59409999102,1471590.0,7218.089999999967
2019-11-06,80113134.35,79974581.76510002,138552.58489997685,1498993.0,7325.319999999938
2019-11-07,65523877.54,65450501.3263,73376.21369999647,1513035.0,7402.199999999964
2019-11-08,72419188.57000001,72318277.3946,100911.17540000379,1486107.0,7219.320000000138
2019-11-09,52939427.24999999,52901143.0595,38284.19049999118,1266396.0,6232.789999999983
2019-11-10,49385192.550000004,49327516.5439,57676.0061000064,1192882.0,5881.7899999999245
2019-11-11,63095745.39,63012847.6555,82897.73449999839,1511379.0,7294.819999999989
2019-11-12,66220629.63,66128842.891899996,91786.73810000718,1531624.0,7596.840000000015
2019-11-13,73270898.81,73155790.25809999,115108.55190001428,1518505.0,7509.70000000011
2019-11-14,69233364.17000002,69136699.37490001,96664.79510000348,1510064.0,7484.100000000064
2019-11-15,57536882.25,57454853.47670001,82028.77329999208,1483702.0,7184.020000000026
2019-11-16,48270414.150000006,48232780.8171,37633.3329000026,1270914.0,6195.280000000061
2019-11-17,44086259.28,44040085.438099995,46173.84190000594,1189327.0,5942.429999999997
2019-11-18,64072140.129999995,63950114.34689999,122025.78310000151,1493014.0,7257.4500000001935
2019-11-19,74619711.17000002,74437135.28049998,182575.88950003684,1546055.0,7530.139999999894
2019-11-20,83520863.67000002,83388264.47670001,132599.19330000877,1531241.0,7551.559999999958
2019-11-21,78659096.39,78540041.81289999,119054.57710000873,1539554.0,7612.1099999999715
2019-11-22,67254753.2,67163793.5081,90959.69189999998,1520081.0,7499.090000000084
2019-11-23,39131083.19,39078321.74239999,52761.44760000706,1293521.0,6446.589999999986
2019-11-24,42824754.059999995,42709440.78480001,115313.275199987,1197104.0,5965.300000000021
2019-11-25,79026770.24,78927471.18729998,99299.05270001292,1501463.0,7282.280000000086
2019-11-26,74027317.7,73940994.0321,86323.66789999604,1534855.0,7536.46999999999
2019-11-27,62320650.64,62233048.96400001,87601.6759999916,1561116.0,7578.189999999959
2019-11-28,49149965.529999994,49045284.8663,104680.663699992,1546350.0,7629.760000000009
2019-11-29,62708883.96999999,62593512.6555,115371.31449998915,1500654.0,7397.10000000002
2019-11-30,53671055.660000004,53619601.7606,51453.899400003254,1263112.0,6182.690000000057
2019-12-01,52566050.37,52506180.5909,59869.77910000086,1227173.0,6086.859999999986
2019-12-02,69632048.21,69538245.1575,93803.05249999464,1473721.0,7347.530000000046
2019-12-03,81327261.1,81175591.29220001,151669.80779998004,1557788.0,7738.969999999939
2019-12-04,76526104.53,76397283.28589998,128821.24410001934,1563294.0,7734.679999999971
2019-12-05,67399613.89,67289875.60730001,109738.28269998729,1601846.0,7985.5099999999875
2019-12-06,50109309.14,49999683.8092,109625.3308000043,1580678.0,7766.900000000027
2019-12-07,34017173.8,33862846.544800006,154327.25519999117,1321236.0,6499.580000000045
2019-12-08,-19704050.539999995,-19949435.871400002,245385.331400007,1245926.0,6064.020000000008
2019-12-09,42819819.67000002,42636158.95450001,183660.7155000046,1533856.0,7394.969999999983
2019-12-10,64208773.17000002,64069534.68220001,139238.48780000955,1567897.0,7788.519999999979
2019-12-11,65075451.239999995,64894802.28949999,180648.950500004,1596159.0,7955.949999999924
2019-12-12,71819481.7,71703606.9277,115874.77230000496,1589247.0,7943.0099999999875
2019-12-13,58191636.51,58091831.2227,99805.2872999981,1538870.0,7550.150000000151
2019-12-14,29126566.02,29047546.172999997,79019.84700000286,1320252.0,6424.059999999998
2019-12-15,18116350.779999997,17953574.3296,162776.45039999858,1223076.0,5949.149999999994
2019-12-16,62367138.60999999,62285722.94570001,81415.6642999798,1484278.0,7248.950000000012
2019-12-17,55125080.35,55052205.11929999,72875.23070000857,1489066.0,7286.810000000049
2019-12-18,61384328.099999994,61284559.00729999,99769.09270000458,1471269.0,7205.730000000036
2019-12-19,51111921.99,51049998.2805,61923.70949999988,1449118.0,7108.0100000000275
2019-12-20,40342440.69,40285317.62950001,57123.060499988496,1363987.0,6762.049999999937
2019-12-21,35696474.699999996,35599934.18039999,96540.51960000396,1215486.0,5964.610000000095
2019-12-22,31336262.11,31219357.702099998,116904.40790000185,1148210.0,5710.830000000067
2019-12-23,32192379.619999997,32058532.2096,133847.41039999574,1223779.0,6042.889999999999
2019-12-24,25826479.820000004,25703222.583399996,123257.23660000786,1120284.0,5499.860000000088
2019-12-25,29681396.06,29616217.391,65178.66899999976,1049648.0,5109.089999999989
2019-12-26,36069038.32,36024990.6739,44047.64609999955,1051223.0,5248.84999999994
2019-12-27,45563022.06,45508569.933,54452.12700000405,1182138.0,5737.020000000062
2019-12-28,40010425.489999995,39968812.118700005,41613.37129998952,1150748.0,5740.479999999989
2019-12-29,32770758.720000006,32716664.498600002,54094.22140000388,1095881.0,5469.640000000025
2019-12-30,32856365.63,32782480.626699995,73885.00330000371,1209661.0,5991.339999999938
2019-12-31,38948985.99,38860722.107099995,88263.88290000707,1134620.0,5441.799999999974
2020-01-01,37300849.62,37254478.361999996,46371.25800000131,1064921.0,5168.889999999981
2020-01-02,51340322.190000005,51260590.45769999,79731.7323000133,1308892.0,6405.350000000057
2020-01-03,36921449.690000005,36805923.2132,115526.47680000216,1344321.0,6669.210000000043
2020-01-04,26919519.189999998,26805133.698300004,114385.49169999361,1270952.0,6072.369999999999
2020-01-05,41695711.230000004,41647578.11789999,48133.1121000126,1162190.0,5787.4800000000505
2020-01-06,53785994.80999999,53710414.9745,75579.835499987,1377158.0,6834.649999999969
2020-01-07,62384083.92,62268272.499,115811.42100000381,1516599.0,7471.920000000013
2020-01-08,55148188.92,54970048.918,178140.00200000405,1540900.0,7522.699999999986
2020-01-09,55732647.85,55651944.1783,80703.67170000076,1525656.0,7495.289999999975
2020-01-10,53366260.99,53264616.3916,101644.59840000421,1498295.0,7333.080000000089
2020-01-11,41119659.43000001,41065165.238299996,54494.19170001149,1301142.0,6329.309999999961
2020-01-12,28489416.12,28455213.2931,34202.826900001615,1245105.0,6184.940000000024
2020-01-13,59686960.59,59557169.88010001,129790.70989999175,1524670.0,7404.47999999993
2020-01-14,38274079.330000006,38179335.37150001,94743.95849999785,1581214.0,7778.169999999962
2020-01-15,41111777.11,41001301.20070001,110475.90929999202,1549654.0,7532.120000000024
2020-01-16,59070199.23999999,58977788.6814,92410.55859998614,1517883.0,7528.259999999958
2020-01-17,57074345.160000004,56988955.16879999,85389.99120001495,1521596.0,7579.840000000018
2020-01-18,42754797.14,42691299.557799995,63497.58220000565,1307649.0,6322.130000000001
2020-01-19,41745671.81,41694004.6423,51667.16770000011,1216647.0,5912.569999999985
2020-01-20,69002441.05000001,68893551.494,108889.55600000918,1513951.0,7551.750000000007
2020-01-21,66535124.370000005,66431869.63009999,103254.7399000153,1570029.0,7831.8600000000115
2020-01-22,73815742.18,73696849.9115,118892.26850000024,1570067.0,7733.7799999999625
2020-01-23,82058511.21,81931117.4635,127393.74650000036,1562836.0,7784.860000000062
2020-01-24,79285452.30000001,79151958.9797,133493.32030001283,1541927.0,7615.880000000016
2020-01-25,54359215.330000006,54304879.81669999,54335.51330001652,1336262.0,6603.619999999941
2020-01-26,41542033.21,41491171.32469999,50861.88530001044,1224917.0,6017.529999999966
2020-01-27,59274529.55,59182690.394899994,91839.15510000288,1538840.0,7606.970000000081
2020-01-28,50672572.29,50572659.39629999,99912.89370001107,1583961.0,7885.910000000073
2020-01-29,54913957.26,54803263.206199996,110694.05380000174,1591281.0,7931.2099999999955
2020-01-30,51590258.18,51482823.3528,107434.82720000297,1581935.0,7858.609999999986
2020-01-31,36960016.46,36808287.131000005,151729.32899999619,1521682.0,7476.409999999993
2020-02-01,9390551.060000002,9295143.6736,95407.38640000299,1279084.0,6381.239999999936
2020-02-02,23647577.849999998,23482644.4335,164933.41649999842,1200002.0,5988.720000000019
2020-02-03,44283595.6,44184451.967999995,99143.63200000674,1523787.0,7467.389999999963
2020-02-04,45449194.230000004,45357462.55689999,91731.67310001701,1574890.0,7697.25999999994
2020-02-05,57250554.78,57153322.67320001,97232.10679998994,1544470.0,7665.060000000092
2020-02-06,58819734.52999999,58737624.4067,82110.12329998612,1548862.0,7722.579999999984
2020-02-07,56300375.099999994,56213429.173200004,86945.92679999024,1523409.0,7598.120000000094
2020-02-08,36590492.440000005,36537867.8654,52624.57460000366,1293621.0,6230.369999999984
2020-02-09,-73353.58999999995,-144449.52509999988,71095.93509999993,1196797.0,5811.930000000015
2020-02-10,15577529.089999998,15465816.954400001,111712.1355999969,1517929.0,7515.509999999991
2020-02-11,19155503.06,19084108.044000003,71395.01599999517,1585431.0,7852.899999999965
2020-02-12,33737482.56999999,33604289.8487,133192.721299991,1588889.0,7648.879999999965
2020-02-13,61377870.67000001,61267944.4418,109926.22820001096,1591439.0,7825.02000000007
2020-02-14,56670350.63999999,56568620.3022,101730.33779999614,1533306.0,7648.089999999982
2020-02-15,24802394.779999997,24724369.4824,78025.29759999737,1283646.0,6375.289999999983
2020-02-16,-10956204.030000001,-11029543.070799997,73339.04079999588,1196645.0,5928.839999999982
2020-02-17,34330618.17,34169242.3385,161375.83150000125,1501784.0,7365.100000000071
2020-02-18,34825537.970000006,34683597.2558,141940.71420000494,1552123.0,7462.079999999976
2020-02-19,48521341.769999996,48429476.915499985,91864.85450001061,1534057.0,7576.829999999918
2020-02-20,43573470.269999996,43481647.15450001,91823.1154999882,1526056.0,7618.730000000032
2020-02-21,38118811.510000005,38005558.5236,113252.9864000082,1507017.0,7454.239999999965
2020-02-22,-2681325.03,-2726494.1867,45169.15670000017,1295344.0,6402.719999999983
2020-02-23,9547505.329999998,9472331.2143,75174.11569999903,1200336.0,5997.4999999999345
2020-02-24,44600082.92,44442065.206700005,158017.71329999715,1453447.0,7246.759999999998
2020-02-25,38197997.519999996,38109393.592,88603.92799999565,1488225.0,7331.75
2020-02-26,49440504.699999996,49380139.6602,60365.03979999572,1527151.0,7547.320000000134
2020-02-27,61131281.06999999,61029369.393800005,101911.67619998753,1557981.0,7774.40000000002
2020-02-28,45843025.809999995,45750437.49790001,92588.31209998578,1506889.0,7399.810000000056
2020-02-29,11190560.149999999,11153429.004999999,37131.14499999955,1267029.0,6222.109999999975
2020-03-01,10878667.799999999,10720464.432500001,158203.36749999784,1169945.0,5659.300000000083
2020-03-02,50860030.75000001,50779411.01830001,80619.7316999957,1485064.0,7351.339999999935
2020-03-03,55764037.07999999,55669028.39480001,95008.68519998342,1500334.0,7377.410000000051
2020-03-04,60699312.63000001,60577309.822600015,122002.80739999563,1498041.0,7480.030000000068
2020-03-05,55256135.760000005,55165756.8582,90378.90180000663,1514801.0,7494.640000000109
2020-03-06,46960462.769999996,46900219.74129999,60243.02870000899,1498896.0,7393.77
2020-03-07,36726667.18,36674648.88250001,52018.29749999195,1269285.0,6128.090000000047
2020-03-08,20812015.679999996,20711920.063899998,100095.61609999835,1176161.0,5750.400000000089
2020-03-09,55967805.39999999,55859310.573,108494.82699999213,1463069.0,7277.190000000031
2020-03-10,35973608.309999995,35875402.38410001,98205.92589998245,1554631.0,7612.91999999998
2020-03-11,36429070.949999996,36305868.793299995,123202.15670000017,1497760.0,7404.180000000044
2020-03-12,19321776.64,19153589.1834,168187.45659999922,1508194.0,7256.179999999971
2020-03-13,25839669.720000003,25637990.287,201679.43300000206,1484726.0,7392.499999999996
2020-03-14,36822359.43000001,36766842.8475,55516.58250001073,1246292.0,6177.879999999968
2020-03-15,5826578.53,5661023.738000002,165554.7919999985,1153389.0,5720.489999999958
2020-03-16,45205835.21999999,45096311.33280001,109523.887199983,1402752.0,6847.490000000009
2020-03-17,40659682.699999996,40598161.026,61521.67399999499,1432798.0,6970.809999999987
2020-03-18,37951889.97999999,37876244.513799995,75645.46619999409,1418268.0,7013.130000000052
2020-03-19,40179557.88,40116707.040999986,62850.83900001645,1387757.0,6701.1599999999125
2020-03-20,34321124.699999996,34270790.10789999,50334.59210000187,1366765.0,6671.369999999963
2020-03-21,12600796.670000002,12559403.549300002,41393.120699999854,1221982.0,5926.900000000027
2020-03-22,-1503460.6600000008,-1669507.2278999982,166046.56789999735,1140163.0,5684.110000000066
2020-03-23,23679752.430000007,23597557.311,82195.11900000647,1355079.0,6643.819999999996
2020-03-24,28240397.920000006,28176266.472700004,64131.44730000198,1368447.0,6766.990000000049
2020-03-25,31619760.529999997,31566885.203900002,52875.326099995524,1360727.0,6699.170000000016
2020-03-26,30256768.840000004,30199319.662000004,57449.177999999374,1350351.0,6674.939999999911
2020-03-27,28280486.889999993,28236115.3153,44371.57469999418,1307703.0,6475.65000000002
2020-03-28,15611913.59,15548492.6829,63420.90709999949,1148322.0,5586.4699999999975
2020-03-30,32193761.269999996,32126940.53350001,66820.73649998754,1351903.0,6612.159999999902
2020-03-31,34150914.93,34075478.290300004,75436.63969999552,1349636.0,6662.890000000083
2020-04-01,32017795.629999995,31963377.482699994,54418.147300001234,1356782.0,6734.709999999908
2020-04-02,26531361.610000003,26459094.5441,72267.06590000167,1357947.0,6753.4499999999825
2020-04-03,30329164.939999998,30276417.439099997,52747.500900000334,1328483.0,6583.170000000075
2020-04-04,21860634.700000003,21803865.640800003,56769.05920000002,1126083.0,5588.130000000048
2020-04-05,1730522.1099999999,1626156.979400001,104365.13059999887,1066333.0,5301.660000000036
2020-04-06,23887364.82,23778877.728999995,108487.0910000056,1259126.0,6264.769999999993
2020-04-07,30130217.43,30055647.812400002,74569.61759999767,1273001.0,6297.320000000011
2020-04-08,33471612.49,33389732.543600004,81879.9463999942,1249585.0,6149.6199999999735
2020-04-09,28857517.03,28806250.7307,51266.29930000007,1217495.0,5982.129999999968
2020-04-10,23131605.99,23073486.567100003,58119.422899995,1014258.0,4945.590000000044
2020-04-11,20992220.95,20926192.764500003,66028.18549999595,1025400.0,5005.859999999993
2020-04-12,10569775.079999998,10503945.7704,65829.30959999748,952029.0,4592.76000000002
2020-04-13,-17640898.569999993,-17863470.485400002,222571.9154000096,1000917.0,4853.3400000000365
2020-04-14,26386291.720000003,26302645.295399994,83646.42460000888,1212527.0,5791.410000000007
2020-04-15,25047319.419999998,24954503.3839,92816.03609999642,1242535.0,6179.409999999974
2020-04-16,31853142.99,31771687.646500003,81455.34349999577,1250710.0,6172.0499999999665
2020-04-17,34651592.38,34566657.3619,84935.01810000092,1235391.0,5973.819999999949
2020-04-18,21166020.08,21121956.7036,44063.37639999762,1068450.0,5322.19000000001
2020-04-19,6370141.840000001,6305499.151799999,64642.688200001605,1016130.0,4902.849999999966
2020-04-20,2394214.329999999,2223549.4675999996,170664.86239999952,1259695.0,6148.289999999975
2020-04-21,-25230180.869999997,-25608229.2659,378048.3959000036,1301432.0,6407.210000000032
2020-04-22,11294261.5,11153317.1525,140944.34750000015,1288715.0,6396.059999999954
2020-04-23,36140449.669999994,36011837.4319,128612.23809999228,1283974.0,6365.819999999894
2020-04-24,24429534.500000004,24371684.951599997,57849.54840000719,1240036.0,5983.449999999957
2020-04-25,19334485.94,19281379.2598,53106.68020000309,1088511.0,5330.849999999955
2020-04-26,19332487.65,19276261.822499998,56225.827500000596,1025646.0,4983.719999999987
2020-04-27,32443237.370000005,32372618.183000002,70619.18700000271,1257099.0,6143.8600000000115
2020-04-28,32395339.15,32360859.2304,34479.91959999874,1285451.0,6348.319999999996
2020-04-29,30191696.829999994,30136131.355499987,55565.47450000793,1296022.0,6314.369999999883
2020-04-30,24541168.64,24460258.54520001,80910.0947999917,1257643.0,6047.320000000083
2020-05-01,7281537.0,7202148.432600001,79388.56739999913,1008947.0,4962.629999999983
2020-05-02,13672007.459999999,13615638.128600001,56369.331399997696,1051820.0,5107.459999999985
2020-05-03,14553379.049999999,14495479.373900002,57899.676099997014,994592.0,4840.370000000021
2020-05-04,33790002.36,33711827.377799995,78174.98220000416,1270755.0,6177.480000000025
2020-05-05,28717018.459999997,28673820.102199998,43198.357799999416,1304184.0,6400.980000000101
2020-05-06,27440391.54,27401985.153199997,38406.38680000231,1276486.0,6075.780000000053
2020-05-07,30512741.389999997,30441448.9487,71292.44129999727,1266142.0,6252.130000000074
2020-05-08,28778016.150000006,28717704.525399998,60311.62460000813,1213635.0,5990.789999999983
2020-05-09,23354335.05,23316370.869499996,37964.18050000444,1067216.0,5235.359999999961
2020-05-10,11016810.68,10976163.119800001,40647.56019999832,998482.0,4806.1999999999425
2020-05-11,21229315.13,21153742.8747,75572.25530000031,1324940.0,6459.610000000059
2020-05-12,29511196.65,29463255.6907,47940.95930000022,1306158.0,6455.349999999988
2020-05-13,39628946.19000001,39553529.27169999,75416.91830002517,1315112.0,6554.359999999935
2020-05-14,29890390.509999998,29843278.299699996,47112.21030000225,1293784.0,6240.139999999919
2020-05-15,27053952.85,27018769.889100008,35182.96089999378,1269324.0,6146.000000000116
2020-05-16,18338495.059999995,18288794.824600004,49700.235399991274,1093876.0,5300.820000000007
2020-05-17,9256388.600000001,9166416.952100001,89971.64790000021,1016613.0,4959.800000000054
2020-05-18,25252326.839999996,25189538.5175,62788.322499997914,1267489.0,6050.359999999942
2020-05-19,31348283.919999998,31274025.7878,74258.13219999894,1288630.0,6398.459999999999
2020-05-20,40552294.059999995,40434034.1921,118259.86789999157,1247657.0,6060.050000000032
2020-05-21,19664551.049999997,19620147.410500005,44403.63949999213,1009106.0,4996.640000000025
2020-05-22,20798487.66,20760080.5075,38407.15249999985,1123071.0,5453.819999999916
2020-05-23,9765143.780000001,9709750.346800003,55393.43319999799,1075566.0,5222.179999999942
2020-05-24,-27091944.540000003,-27379848.9359,287904.39589999616,1024131.0,4973.680000000029
2020-05-25,25588874.210000005,25521722.4909,67151.71910000592,1290804.0,6393.640000000003
2020-05-26,35395594.63,35315956.66,79637.97000000626,1284083.0,6401.639999999963
2020-05-27,28984307.700000003,28955514.057,28793.64300000295,1282978.0,6120.100000000002
2020-05-28,26622696.18,26580035.788399994,42660.39160000533,1288694.0,6226.870000000028
2020-05-29,28017339.059999995,27969689.081900008,47649.97809998691,1234741.0,5958.849999999933
2020-05-30,12438298.750000002,12394691.3597,43607.39030000195,1051447.0,5104.289999999997
2020-05-31,700611.4799999999,610494.7468000005,90116.73319999932,955096.0,4752.609999999977
2020-06-01,6402905.999999999,6296810.5762,106095.42379999906,973004.0,4859.569999999992
2020-06-02,37199868.37,37075163.102299996,124705.2677000016,1263067.0,6229.210000000039
2020-06-03,37726511.96,37661482.21480001,65029.74519999325,1298808.0,6315.790000000034
2020-06-04,35392363.800000004,35334588.5806,57775.21940000355,1317890.0,6449.410000000036
2020-06-05,31186269.11,31121175.6101,65093.49989999831,1291304.0,6403.380000000012
2020-06-06,8413502.05,8326495.518500001,87006.53149999958,1101237.0,5504.0299999999515
2020-06-07,18508879.79,18455913.141900003,52966.64809999615,1015636.0,4869.950000000048
2020-06-08,40635200.44,40583895.15500001,51305.28499998897,1259644.0,6224.369999999963
2020-06-09,48646919.87,48552690.7385,94229.13149999827,1291964.0,6320.419999999955
2020-06-10,41009406.15,40954729.78089999,54676.369100011885,1279024.0,6228.980000000145
2020-06-11,26256405.759999998,26219261.634199996,37144.125800002366,1101772.0,5346.869999999984
2020-06-12,24272886.430000003,24236072.661300004,36813.7686999999,1161177.0,5721.570000000003
2020-06-13,20886057.47,20862546.2225,23511.24749999866,1066202.0,5167.910000000007
2020-06-14,19353658.080000002,19317513.104199994,36144.97580000758,1015146.0,4893.389999999985
2020-06-15,40846682.18,40793179.390200004,53502.78979999572,1259321.0,6267.700000000026
2020-06-16,45361739.25000001,45298524.921799995,63214.328200012445,1293621.0,6346.3800000000265
2020-06-17,48919909.44000001,48842969.467499994,76939.97250001878,1299905.0,6412.9499999999025
2020-06-18,42039239.88000001,41992501.2922,46738.58780001104,1295935.0,6445.560000000045
2020-06-19,37810217.74,37758282.4682,51935.271800003946,1250853.0,6047.200000000012
2020-06-20,25486813.299999997,25440646.231000002,46167.068999994546,1057652.0,5214.870000000003
2020-06-21,19032077.84,18968245.1066,63832.7333999984,984862.0,4843.030000000013
2020-06-22,38730502.32,38670803.1918,59699.128200002015,1269386.0,6212.41999999994
2020-06-23,43015392.53,42954245.2921,61147.23790000379,1292883.0,6417.339999999986
2020-06-24,46629222.70999999,46574260.32840001,54962.38159998506,1303989.0,6284.910000000065
2020-06-25,45775733.68000001,45713191.5808,62542.0992000103,1306954.0,6411.250000000022
2020-06-26,44649955.02,44596766.339999996,53188.68000000715,1261529.0,6204.640000000094
2020-06-27,28154339.009999998,28116715.7926,37623.2173999995,1090853.0,5297.130000000008
2020-06-28,17413311.47,17329785.0805,83526.38949999958,1022012.0,5102.910000000011
2020-06-29,36381375.50000001,36293237.8042,88137.69580000639,1292011.0,6457.749999999942
2020-06-30,23489322.54,23336690.0404,152632.49960000068,1328424.0,6449.939999999999
2020-07-01,44694324.800000004,44620285.808299996,74038.99170000851,1342915.0,6492.130000000048
2020-07-02,52706995.480000004,52641536.143599994,65459.33640000969,1324116.0,6438.97000000007
2020-07-03,43680484.1,43607875.549499996,72608.55050000548,1275027.0,6171.000000000011
2020-07-04,14792498.87,14687796.5523,104702.31769999862,1102182.0,5359.8900000000285
2020-07-05,-16966921.23,-17226777.8337,259856.6037000008,1049656.0,5123.979999999989
2020-07-06,19961443.68,19774275.947800003,187167.7321999967,1333306.0,6520.040000000034
2020-07-07,42608409.29,42540788.99609999,67620.29390000552,1323382.0,6452.290000000026
2020-07-08,56340604.349999994,56273223.36449999,67380.98550000042,1333376.0,6560.98
2020-07-09,57598129.97,57534721.76370001,63408.206299990416,1339812.0,6633.660000000058
2020-07-10,47239092.35,47189493.8403,49598.509700000286,1293049.0,6392.559999999987
2020-07-11,30276426.14,30238502.0364,37924.1035999991,1069188.0,5168.4300000000585
2020-07-12,24100503.919999998,24037473.9584,63029.961599998176,988616.0,4742.3399999999965
2020-07-13,44388108.440000005,44332241.6942,55866.74580000341,1267274.0,6235.709999999897
2020-07-14,49059215.980000004,49012057.007800005,47158.972199998796,1314924.0,6343.089999999993
2020-07-15,57341757.77000001,57271763.884100005,69993.8859000057,1343280.0,6638.96000000009
2020-07-16,60940101.04000001,60847346.31200001,92754.72800000012,1336685.0,6647.92999999996
2020-07-17,48525921.53,48478040.8375,47880.69250000268,1278820.0,6237.369999999981
2020-07-18,30954224.689999998,30908586.380100004,45638.30989999324,1078716.0,5252.3200000000725
2020-07-19,27840105.980000004,27796274.845999993,43831.13400001079,1004584.0,4945.889999999927
2020-07-20,42326388.699999996,42250886.0393,75502.66069999337,1277363.0,6142.010000000064
2020-07-21,40965968.28,40890878.4432,75089.83680000156,1289064.0,6332.360000000066
2020-07-22,45730265.81999999,45662359.44459999,67906.37539999932,1311524.0,6499.560000000005
2020-07-23,46357040.43000001,46286665.4459,70374.98410000652,1309979.0,6325.2499999999745
2020-07-24,40114464.32999999,40044225.8766,70238.45339999348,1265413.0,6179.730000000058
2020-07-25,26529805.33,26490259.9221,39545.40789999813,1083190.0,5235.810000000034
2020-07-26,12813275.139999999,12672166.3206,141108.81939999945,1014497.0,4930.069999999978
2020-07-27,41203365.400000006,41140983.79079999,62381.609200015664,1273184.0,6320.389999999923
2020-07-28,30466767.179999996,30358711.441200003,108055.73879999295,1311840.0,6552.600000000079
2020-07-29,26143139.650000006,25991187.061900005,151952.58810000122,1284104.0,6326.270000000004
2020-07-30,45594805.09,45495844.36910001,98960.72089999169,1271488.0,6307.9199999999655
2020-07-31,48198046.33,48115072.67659999,82973.65340001136,1264585.0,6130.789999999961
2020-08-01,30490264.919999998,30441814.572200004,48450.34779999405,1077333.0,5298.730000000032
2020-08-02,28010198.980000004,27981675.929,28523.05100000277,996530.0,4834.549999999981
2020-08-03,46070756.87,46021642.3037,49114.56629999727,1219005.0,6079.580000000024
2020-08-04,45804482.90999999,45737983.41219999,66499.49780000001,1233661.0,6115.7399999999325
2020-08-05,36734878.61000001,36658421.171900004,76457.4381000027,1249302.0,6242.619999999988
2020-08-06,43209793.48,43122010.42899999,87783.0510000065,1264649.0,6180.860000000132
2020-08-07,45772918.489999995,45710140.194,62778.295999996364,1257345.0,6156.87000000005
2020-08-08,34728708.620000005,34685111.6344,43596.98560000211,1098687.0,5480.65000000006
2020-08-09,29613687.659999996,29573118.304700006,40569.355299990624,1035323.0,5058.730000000018
2020-08-10,50146963.440000005,50079396.63580001,67566.80419999361,1319114.0,6521.900000000063
2020-08-11,49232955.63,49167267.74210001,65687.88789999485,1367822.0,6615.750000000098
2020-08-12,49835388.28,49760549.92600001,74838.3539999947,1351564.0,6540.710000000072
2020-08-13,53108422.25999999,53045022.5886,63399.671399988234,1348256.0,6600.830000000024
2020-08-14,54296429.569999985,54219891.89929999,76537.67069999874,1298082.0,6416.239999999922
2020-08-15,34078767.96,34047753.3164,31014.64360000193,1085508.0,5358.630000000037
2020-08-16,29655970.64,29606249.5098,49721.13020000234,1035754.0,5113.749999999971
2020-08-17,54376974.96,54300393.232200004,76581.72779999673,1306399.0,6467.969999999994
2020-08-18,57060860.7,56969463.3206,91397.37939999998,1324098.0,6390.889999999992
2020-08-19,50470502.49,50399228.2667,71274.22330000252,1320480.0,6363.050000000025
2020-08-20,52222320.19,52137045.96280001,85274.22719998658,1345147.0,6578.020000000106
2020-08-21,42346433.050000004,42266820.2203,79612.82970000803,1330621.0,6564.880000000037
2020-08-22,26183427.790000003,26117318.379300002,66109.41070000082,1121370.0,5543.929999999924
2020-08-23,16626510.86,16491568.349599998,134942.51040000096,1034669.0,5102.289999999975
2020-08-24,60634195.93999999,60522088.468100004,112107.47189998627,1295381.0,6403.640000000036
2020-08-25,48666530.11000001,48576704.4973,89825.61270000786,1327704.0,6597.090000000015
2020-08-26,26763000.2,26612864.782800004,150135.41719999537,1391688.0,6874.349999999962
2020-08-27,64800009.870000005,64639523.40839999,160486.46160001308,1338199.0,6527.470000000019
2020-08-28,52956411.32,52883172.27819999,73239.04180000722,1286392.0,6305.74999999996
2020-08-29,39022628.11,38970815.394999996,51812.715000003576,1087573.0,5278.830000000027
2020-08-30,33808994.24,33778803.7251,30190.514899998903,1013777.0,4910.860000000015
2020-08-31,74215924.94,74075664.2236,140260.71639999747,1302688.0,6359.779999999955
2020-09-01,68082562.75,67981922.6507,100640.09929999709,1334827.0,6618.439999999984
2020-09-02,67650714.42,67538146.3916,112568.02840000391,1329740.0,6572.269999999957
2020-09-03,53590628.94999999,53478629.407800004,111999.5421999842,1347431.0,6657.61000000003
2020-09-04,51166347.68000001,51077188.2938,89159.38620001078,1288461.0,6300.070000000076
2020-09-05,36477438.800000004,36419293.0224,58145.77760000527,1106942.0,5435.23000000004
2020-09-06,36318508.79,36272339.19809999,46169.59190000594,1033249.0,5016.229999999985
2020-09-07,57023912.71,56906014.91850001,117897.79149998724,1285731.0,6376.2000000000335
2020-09-08,51294271.96,51172520.7266,121751.23340000212,1342085.0,6653.219999999994
2020-09-09,49186751.400000006,49092700.72320001,94050.67679999769,1342702.0,6510.1799999999785
2020-09-10,65401675.00000001,65286486.03110001,115188.96889999509,1323585.0,6430.330000000053
2020-09-11,61472698.29000001,61357965.9463,114732.3437000066,1279129.0,6154.99000000002
2020-09-12,34140219.31,34022320.06269999,117899.2473000139,1114364.0,5528.0699999999415
2020-09-13,19294081.169999998,19087844.129899997,206237.0401000008,1028142.0,5137.390000000025
2020-09-14,71710396.50000001,71526835.909,183560.5910000205,1303427.0,6429.410000000007
2020-09-15,97339425.48000002,97028283.8945,311141.5855000168,1338831.0,6518.120000000024
2020-09-16,72170536.64999999,72022057.0018,148479.6481999904,1356025.0,6696.93
2020-09-17,63909534.38,63779137.7848,130396.5952000022,1349733.0,6623.709999999919
2020-09-18,55643365.35,55547623.74859999,95741.60140001029,1314807.0,6363.189999999915
2020-09-19,41691490.07,41637518.52080001,53971.54919999093,1124219.0,5583.739999999969
2020-09-20,39132657.53999999,39086143.83340001,46513.70659998059,1039324.0,5125.1900000000205
2020-09-21,84228762.21999998,83971746.25840001,257015.96159997582,1323661.0,6547.21000000005
2020-09-22,73011512.03,72876002.61039999,135509.41960000992,1348333.0,6636.740000000038
2020-09-23,63268677.940000005,63169529.745799996,99148.19420000911,1367683.0,6811.43000000004
2020-09-24,54235448.080000006,54114987.331400014,120460.7485999912,1385210.0,6635.55000000005
2020-09-25,57043980.96000001,56940068.563200004,103912.39680000395,1347328.0,6676.210000000003
2020-09-26,37599874.559999995,37531300.095300004,68574.46469999105,1174397.0,5828.279999999922
2020-09-27,35937932.15,35851512.7114,86419.43859999627,1093579.0,5346.860000000033
2020-09-28,67380844.02,67268880.4348,111963.58519999683,1370846.0,6774.890000000039
2020-09-29,85107624.09,84913983.0123,193641.07770000398,1400651.0,6985.410000000018
