file,bytes,sha256
title_page.docx,37083,5979729c413ce5db861cbf30d00349d1e8e4df92f48d7e45714956a53c379a06
manuscript_anonymized.docx,1212083,1c039246e0ecb4e6b2515c946ab7da90533d9e21f44811197ec3419122db931f
manuscript_anonymized.pdf,879661,9538f8a2208f7919a20d1b387b22e9ceb62fb5fe0d55c15bf3e2dfe50953ecb4
Figure_1_audit_framework.png,172999,8c2cddf2a1e65920a03f317820641ad8eccd72dcb6d3c0718e071817ddde570f
Figure_2_primary_case_benchmarks.png,269506,d03924733f3233dc6a903826508d055ef970a7b618ccb04687308ab220a129e4
Figure_3_model_sensitivity.png,403775,5b384b028be3de0c733ff6ce6264e1bd888f3006047a10d5eee24a2e3b0b3ccd
Figure_4_case_classifications.png,459287,6b63939541ab4b409430e92032c6a3c78faa133469e49cd128c684c8a3ac7631
Figures_editable.pptx,34095,d872bc0b3a008b1d4aae07e58b5dfc6a6cb8ec0f588650c71ed3dc6fdf024193
Tables_editable.docx,40318,c3f90107742f2c602ca51a28cf0f32703d898aaca74be11b9c0dbc5d0ccad09a
Tables_editable.pptx,35433,a5b7bbe0243a88ed3b22fb08e37d1e6d7004c8b581541b8865545e17a3338cbb
cover_letter.docx,37703,b8726fca48d2219dbef6b8efcc9fed90232b60956f6f7aad141fd5ae4c83f1de
cover_letter.pdf,16753,1702ab0cd018842d49a01230797d12b567acf3a2d9e78d689c9582fc650f9aa5
highlights.txt,364,2c669b3bf2103aef25b73f3a778c3cb6293fc82091a86b36736422bc3c892ace
data_availability_statement.txt,351,9c5bc9dbe6a6a407d1b6ffe1d92a455b614dba6ed1881c443a35e87873d64ce5
declarations.txt,739,997e744964835d7447b8e44f887d61fe5b408061640d47b0d35630de461e1f42
graphical_abstract.png,62918,92a8db442fdbe2bba22812e74dcd0140ac9e83af081d40c5ea2ad187defe6477
graphical_abstract_editable.pptx,29010,ba42c49d2eb29f5afa594407377cccfcfa4cc8f479fdeb6d910376fad9d909a9
