artifact,location,matched_terms,text
outputs/manuscript/manuscript_anonymized.docx,paragraph:2,oracle;optimal_or_optimum;material;redesign,"Technological capability can expand feasible sensing, prediction, computation, communication, and control, but a static technical advantage does not establish that a persistent standard is inefficient or should be redesigned. We present a pre-specified, reproducible Legacy Standard Audit separating a historically defensible incumbent problem—without assuming historical optimality—a current case-specific frictionless benchmark, and a transition-evidence gate. We screened 122 candidates in 12 domains and froze 7 heterogeneous cases before confirmatory estimation, preserving null and insufficient-evidence outcomes. Simulated perfect-remaining-life maintenance and a perfect-weather reference-crop comparison met pre-specified material-mismatch thresholds. Perfect-label lighting and bounded fixed-price load shifting remained small or uncertain; a traffic delay proxy and container compatibility were insufficient, while repeated-halving geometry returned the narrow analytic null. Objectives and units differ, so results are not pooled and do not estimate a population rate. Removing both threshold-meeting oracle cases eliminated material primary labels. No case had Level A transition evidence; only native-unit break-even ceilings are identified. Documented capability change can therefore trigger re-audit, whereas redesign requires case-compatible implementation, safety, network, and regulatory evidence."
outputs/manuscript/manuscript_anonymized.docx,paragraph:3,adaptive,Keywords: standards; path dependence; technological change; adaptive control; switching costs; reproducibility; technology governance
outputs/manuscript/manuscript_anonymized.docx,paragraph:5,benefit,"Standards coordinate expectations, reduce interface uncertainty, and permit complementary investment. Those same benefits can make an incumbent persistent after the problem environment changes. Research on dominant designs and technological trajectories explains how technologies stabilize and later face discontinuities (Utterback and Abernathy, 1975; Dosi, 1982; Abernathy and Clark, 1985; Tushman and Anderson, 1986; Henderson and Clark, 1990). Research on increasing returns, compatibility, and infrastructure lock-in explains why persistence can remain privately or socially rational (Farrell and Saloner, 1985; Arthur, 1989; Liebowitz and Margolis, 1995; Pierson, 2000; Unruh, 2000). The analytical error is therefore not persistence itself, but inferring either efficiency or inefficiency from persistence without reconstructing the decision problem."
outputs/manuscript/manuscript_anonymized.docx,paragraph:6,adaptive;improvement,"Digital technologies sharpen this problem. Cheap sensing, computation, communication, and adaptive control can relax information constraints that once favored fixed schedules, fixed intervals, or static allocations. Digital innovation also changes architectures and organizing logics rather than merely improving a component (Yoo et al., 2010; Nambisan et al., 2017). Yet real-time information does not erase compatibility, investment, safety, regulation, or collective-action costs. Standards scholarship accordingly shows that dominance depends on installed bases, participation, governance, and the interaction between standardization and innovation (Allen and Sriram, 2000; Suarez, 2004; Wiegmann et al., 2017; van de Kaa et al., 2018; Blind et al., 2022, 2023)."
outputs/manuscript/manuscript_anonymized.docx,paragraph:7,adaptive;redesign,"This article contributes a pre-specified measurement and governance protocol. It does not offer a new general theory of lock-in. Instead, it operationalizes a question that spans standards economics, technological transitions, and adaptive systems: when a technology changes the feasible information or control set, how should an incumbent standard be re-audited without selecting only striking examples or forcing a redesign conclusion? The protocol estimates case-specific static benchmark gaps and applies a separate transition-evidence gate, preserves null and insufficient-evidence cases, and forbids pooling outcomes with incomparable objectives."
outputs/manuscript/manuscript_anonymized.docx,paragraph:8,redesign,"The protocol is not a claim to have invented standards review. ISO systematic review already supports confirmation, revision or amendment, and withdrawal, while the NIST FACTS framework analyzes standards across lifecycle, stakeholder, implementation, comparison, and testing perspectives (International Organization for Standardization, n.d.; Witherell et al., 2013). The narrower distinction here is an empirical evidence sequence linking a documented capability change to a case-specific static benchmark and then to a separate redesign gate."
outputs/manuscript/manuscript_anonymized.docx,paragraph:9,improvement;redesign,"We make three bounded contributions. First, the protocol freezes case selection, comparators, thresholds, raw-input provenance, and null retention before confirmatory estimation. Second, it separates static benchmark evidence from a graded transition-evidence gate, preventing technical improvement from becoming an automatic redesign recommendation. Third, the heterogeneous frozen cases test whether the common audit architecture remains usable across non-common objectives without pooling magnitudes or claiming population prevalence. The cases are present-day audit demonstrations, not reconstructions of historical optima."
outputs/manuscript/manuscript_anonymized.docx,paragraph:11,improvement,"Path dependence can arise through increasing returns and coordination, but historical persistence alone does not establish market failure. Critical work on escape from lock-in and technological trajectories emphasizes that incumbent systems may be difficult to displace even when alternatives improve (Cowan and Hultén, 1996; Dolfsma and Leydesdorff, 2009; Heinrich, 2014). Sociological and organizational accounts add that standards are enacted through practices and institutions rather than imposed as purely technical rules (Orlikowski, 1992; Timmermans and Epstein, 2010). Exploration and exploitation create a related governance tension: reassessment has option value, but continual change can destroy coordination value (March, 1991)."
outputs/manuscript/manuscript_anonymized.docx,paragraph:12,redesign,"Transition research frames system change as a co-evolution of technology, institutions, infrastructure, and user practices (Geels, 2002, 2004, 2005). Governance experiments can reveal transition conditions, but their success is contextual (Bos and Brown, 2012). Standards participation and policy further shape whose objectives and constraints enter a redesign process (Choung et al., 2012; Blind and von Laer, 2022). Consumer switching research likewise shows that comparative technical value is only one component of adoption (Kamolsook et al., 2019)."
outputs/manuscript/manuscript_anonymized.docx,paragraph:15,optimal_or_optimum,"Let the incumbent be . The historical optimum  minimizes loss under the historical feasible set and parameters; the current frictionless optimum  minimizes current loss without switching costs; and the transition-adjusted optimum  adds switching, compatibility, and coordination costs. Figure 1 shows the resulting decision sequence."
outputs/manuscript/manuscript_anonymized.docx,paragraph:16,optimal_or_optimum,"Here  is a conceptual benchmark, not an empirical assumption that . If the historical objective, feasible set, or chronology cannot be verified, the audit records only a historically defensible incumbent problem and classifies the historical optimum as unidentified."
outputs/manuscript/manuscript_anonymized.docx,paragraph:22,redesign,Figure 1. Legacy Standard Audit. Technological change can trigger reassessment; a redesign recommendation requires case-compatible transition evidence.
outputs/manuscript/manuscript_anonymized.docx,paragraph:30,regret,"Classifications were operational decision labels rather than significance tests. BE03 required the lower uncertainty bound to exceed 20% with no labeled occupied false-off events; WK07 required a positive lower regret bound and relative regret above 5%; UI09 required the lower normalized-regret bound to exceed 5%. UI01 remained uncertain because response and equilibrium were not identified, while TR01 and NC01 required incumbent and transition evidence unavailable in the registered sources. The thresholds organize the frozen audit and are not universal welfare criteria."
outputs/manuscript/manuscript_anonymized.docx,paragraph:43,oracle;saving;regret;material,"WK07 selected a fixed replacement age of 134 cycles on the training simulation. In the evaluation simulation, the fixed policy cost rate was 0.00746 and the perfect-remaining-life condition rate was 0.00496, yielding static regret 0.00250 normalized cost per cycle (95% interval 0.00229–0.00271) and relative regret 33.5%. This simulated oracle comparison met the pre-specified material-mismatch threshold; it is not observed fleet savings."
outputs/manuscript/manuscript_anonymized.docx,paragraph:44,saving,"UI01 retained 725 complete days. With 1.0% of each hourly load available for bounded intraday reallocation, the fixed-price arithmetic saving was EUR 0.072 per MWh of baseline load (95% block interval 0.068–0.076), equal to 0.19% of baseline procurement cost. The small estimate, fixed-price assumption, and absence of customer response support a small-or-uncertain classification."
outputs/manuscript/manuscript_anonymized.docx,paragraph:45,oracle;saving;regret;material,"UI09 used 135 training and 135 evaluation weeks. The calendar application was 121.69 mm/week, compared with a perfect-weather reference-crop mean of 121.87 mm/week. Normalized objective regret was 36.9% (95% block interval 31.7%–39.9%). The result met the pre-specified material-mismatch threshold across loss-weight checks, but it is a reference-crop, perfect-weather oracle with omitted agronomic constraints; the objective gap is not physical water savings."
outputs/manuscript/manuscript_anonymized.docx,paragraph:52,saving;regret;material,"Figure 3 reports every pre-specified model or loss alternative for the four primary cases. Under the alternative fixed schedules, the BE03 point estimate ranged from 7.8% to 37.7%, spanning the 20% material threshold, so the position of the BE03 point estimate relative to that threshold depends on which fixed schedule is treated as the incumbent. WK07 regret ranged from 0.0021 to 0.00301 normalized cost per cycle across failure-cost ratios and warning leads, remaining positive in every setting. UI01 savings ranged from 0.0359 to 0.359 EUR per MWh baseline load and scaled with the assumed flexible-load fraction. UI09 normalized regret ranged from 18.9% to 58.6% across median or mean calendar rules and shortfall penalties, above the 5% threshold in every setting. The alternatives change magnitudes, not the sign of the WK07 and UI09 gaps; the full parameter grid is released with the code."
outputs/manuscript/manuscript_anonymized.docx,paragraph:54,material,Figure 3. Pre-specified model sensitivity for the primary cases. Diamonds mark the pre-specified setting; dashed lines mark material thresholds where the threshold is defined on the plotted scale. Each panel uses its own case-specific unit; points are point estimates and are not pooled.
outputs/manuscript/manuscript_anonymized.docx,paragraph:56,oracle;material,"Two of 4 primary cases met the pre-specified material-mismatch label under oracle comparison, while the remaining primary cases were small or uncertain. That count is descriptive; no universal or pooled effect size was computed. Removing either threshold-meeting case reduced the count to one; excluding simulated C-MAPSS evidence also left one. Removing both threshold-meeting oracle cases reduced the count to 0. The cross-case result therefore does not establish a stable population rate of mismatch."
outputs/manuscript/manuscript_anonymized.docx,paragraph:59,improvement;redesign,"Figure 4 demonstrates why frozen null and insufficient-evidence cases matter. The outcomes span all intended categories rather than converging on a redesign narrative. The strongest evidence is conditional: inexpensive information and control can create a measurable static benchmark gap under a specified objective, but redesign recommendations remain unidentified without implementation, network, safety, and coordination costs. Real-time foresight can improve preparedness in dynamic networks (Weber et al., 2015), but it cannot substitute for case-specific institutional evidence."
outputs/manuscript/manuscript_anonymized.docx,paragraph:62,material,"Table 4. Cross-case falsification: case and domain removal, source quality, thresholds, supported model or loss alternatives, and controls. Counts refer to primary cases meeting the material-mismatch label."
outputs/manuscript/manuscript_anonymized.docx,paragraph:65,improvement,"The central audit lesson is that a documented capability change is a reason to reassess an incumbent, not evidence that replacement is desirable. Static, transition, and institutional evidence answer different questions and must not be collapsed into a single claim of technological improvement."
outputs/manuscript/manuscript_anonymized.docx,paragraph:66,redesign,"The methodological contribution is procedural. A standard should be audited as part of a decision problem, not as an old object. The procedure begins by stating a historically defensible incumbent problem and the limits of its reconstruction, identifies which constraints a technology plausibly changed, estimates a current technical counterfactual, and then asks whether transition costs reverse the ranking. This ordering prevents two symmetric errors: celebrating persistence as evidence of efficiency and treating a positive static benchmark gap as sufficient evidence for redesign."
outputs/manuscript/manuscript_anonymized.docx,paragraph:68,oracle;material;redesign,"The empirical demonstration is deliberately heterogeneous. Two material labels depend on perfect-information comparators and are sensitive in magnitude to retained models or loss functions. Removing both threshold-meeting oracle cases eliminated material primary labels. Small, null, and insufficient outcomes are equally consequential because they show that the protocol does not force a positive redesign narrative."
outputs/manuscript/manuscript_anonymized.docx,paragraph:72,oracle;optimal_or_optimum,"First, the analyses do not fully reconstruct the historical optimum for every case, and they do not assume that any incumbent equals . They are frozen demonstrations of the current-audit stages. Second, four comparators are oracle or proxy bounds; none identifies a realized causal deployment effect. Third, the transition audit found 0 Level A, 11 Level B, and 2 Level C sources. Level B permits threshold analysis only, while Level C supports no case inference; consequently only native-unit break-even ceilings—not transition-adjusted point estimates—are reported. Fourth, the case set is purposive and heterogeneous, so neither the frequency nor magnitude of mismatch generalizes to legacy standards as a population. Fifth, uncertainty intervals quantify sampling variation under the retained model but do not capture all structural uncertainty. Sixth, the largest normalized result, UI09, depends on a normative shortfall penalty and omits crop and soil processes."
outputs/manuscript/manuscript_anonymized.docx,paragraph:75,oracle;regret;material,"Technological change can make a fixed standard reassessable without making it obsolete. The Legacy Standard Audit converts that distinction into a pre-specified workflow: state a historically defensible incumbent problem, identify the changed technology constraint, estimate static regret, incorporate transition costs, and retain null or insufficient-evidence outcomes. In the frozen demonstrations, 2 oracle technical comparisons met pre-specified material-mismatch thresholds, others were small, one analytic standard remained exactly aligned with its narrow objective, and a high-network compatibility case could not be quantified. The defensible conclusion is not that inherited standards should be replaced. It is that standards governance should make re-audit reproducible, conditional, and explicit about the evidence still required for change."
outputs/manuscript/manuscript_anonymized.docx,paragraph:77,material,"All analysis code, frozen selection records, source registry, checksums, and generated values are provided in the accompanying repository. Public raw data are retrieved from registered sources and retained as immutable local snapshots. Copyrighted ISO sample material is not redistributed; its provenance and local checksum are recorded. The source registry records each source's URL, identifier, version, access time, file size, SHA-256 hash, terms, and completeness; the complete model-sensitivity grid and the unabridged falsification output are released as machine-readable files. After installing the pinned dependencies, the command make all regenerates analyses, figures, tables, manuscript files, and audits, and make test and make audit rerun the regression tests and integrity checks. The article is self-contained; no additional file is required to interpret it."
outputs/manuscript/manuscript_anonymized.docx,table:0:row:2:cell:1,adaptive,"Sensing, computation, communication, automation, adaptive control"
outputs/manuscript/manuscript_anonymized.docx,table:0:row:5:cell:2,material,"Material, uncertain, null, or insufficient classification"
outputs/manuscript/manuscript_anonymized.docx,table:2:row:2:cell:1,regret,"Static regret, normalized cost/cycle"
outputs/manuscript/manuscript_anonymized.docx,table:2:row:2:cell:4,oracle;material,material mismatch under oracle benchmark
outputs/manuscript/manuscript_anonymized.docx,table:2:row:3:cell:1,saving,"Fixed-price arithmetic saving, EUR/MWh baseline"
outputs/manuscript/manuscript_anonymized.docx,table:2:row:4:cell:1,regret,Normalized objective regret
outputs/manuscript/manuscript_anonymized.docx,table:2:row:4:cell:4,oracle;material,material mismatch under oracle benchmark
outputs/manuscript/manuscript_anonymized.docx,table:2:row:6:cell:1,regret,Static/transition regret
outputs/manuscript/manuscript_anonymized.docx,table:3:row:1:cell:1,oracle,2 of 4 primary cases meet the oracle-threshold label
outputs/manuscript/manuscript_anonymized.docx,table:3:row:2:cell:2,material,"Yes—material-count claim (WK07, UI09)"
outputs/manuscript/manuscript_anonymized.docx,table:3:row:2:cell:3,oracle;material,The procedural claim survives; the number of material oracle labels depends on the strongest cases.
outputs/manuscript/manuscript_anonymized.docx,table:3:row:3:cell:2,material,"Yes—material-count claim (WK07, UI01+UI09)"
outputs/manuscript/manuscript_anonymized.docx,table:3:row:4:cell:0,oracle,Remove WK07 and UI09 together (both strongest oracle cases)
outputs/manuscript/manuscript_anonymized.docx,table:3:row:4:cell:2,material,Yes—empirical material-mismatch claim
outputs/manuscript/manuscript_anonymized.docx,table:3:row:4:cell:3,material,The procedural and heterogeneous-outcome claims survive; evidence of material primary mismatch does not.
outputs/manuscript/manuscript_anonymized.docx,table:3:row:5:cell:2,material,Yes—material-count claim
outputs/manuscript/manuscript_anonymized.docx,table:3:row:5:cell:3,material,Material mismatch is not supported by more than one primary case after excluding simulation.
outputs/manuscript/manuscript_anonymized.docx,table:3:row:8:cell:3,regret,Static regret remains positive across supported settings but remains a simulated perfect-information comparison.
outputs/manuscript/manuscript_anonymized.docx,table:3:row:9:cell:3,saving,Arithmetic savings scale with assumed flexibility; customer response and equilibrium remain unidentified.
outputs/manuscript/manuscript_anonymized.docx,table:3:row:11:cell:3,redesign,The frozen design does not force every incumbent into a redesign narrative.
outputs/submission/cover_letter.docx,paragraph:7,oracle;material,"The empirical demonstration began from 122 candidates in 12 domains and froze 7 heterogeneous cases before confirmatory estimation. The validation is intentionally heterogeneous: it retains material oracle labels, small or uncertain results, an analytic null, and insufficient-evidence cases. Results are not pooled because objectives and units are incomparable, and the manuscript makes no prevalence or general causal claim."
outputs/submission/cover_letter.docx,paragraph:8,adaptive;improvement;redesign,"The protocol's governance contribution is an explicit barrier against treating technical improvement as redesign evidence. Simulated, perfect-information, and proxy comparisons are not treated as deployment effects, and no redesign recommendation is made because no case has Level A transition evidence. The work fits the journal because specific technological developments—sensing, computation, communication, prognostics, interval metering, and adaptive control—are the central mechanisms that alter feasible decision sets. The paper connects these mechanisms to standards governance, transition costs, and policy implications."
outputs/submission/highlights.txt,line:2,material,"• Seven cases retain material, uncertain, null, and insufficient states."
outputs/submission/highlights.txt,line:3,oracle,• Oracle and proxy benchmarks are not treated as deployed effects.
outputs/submission/highlights.txt,line:5,redesign,• Technical gaps cannot justify redesign without transition evidence.
outputs/figures/Figures_editable.pptx,slide:1:shape:1,optimal_or_optimum,"Incumbent problem
Historically defensible • optimum may be unidentified"
outputs/figures/Figures_editable.pptx,slide:4:shape:13,oracle,"Simulated perfect-RUL oracle;
threshold met"
outputs/figures/Figures_editable.pptx,slide:4:shape:15,oracle;material,"Material label
under oracle"
outputs/figures/Figures_editable.pptx,slide:4:shape:25,oracle;material,"Material label
under oracle"
outputs/tables/Tables_editable.docx,paragraph:7,material,"Table 4. Cross-case falsification: case and domain removal, source quality, thresholds, supported model or loss alternatives, and controls. Counts refer to primary cases meeting the material-mismatch label."
outputs/tables/Tables_editable.docx,table:0:row:2:cell:1,adaptive,"Sensing, computation, communication, automation, adaptive control"
outputs/tables/Tables_editable.docx,table:0:row:5:cell:2,material,"Material, uncertain, null, or insufficient classification"
outputs/tables/Tables_editable.docx,table:2:row:2:cell:1,regret,"Static regret, normalized cost/cycle"
outputs/tables/Tables_editable.docx,table:2:row:2:cell:4,oracle;material,material mismatch under oracle benchmark
outputs/tables/Tables_editable.docx,table:2:row:3:cell:1,saving,"Fixed-price arithmetic saving, EUR/MWh baseline"
outputs/tables/Tables_editable.docx,table:2:row:4:cell:1,regret,Normalized objective regret
outputs/tables/Tables_editable.docx,table:2:row:4:cell:4,oracle;material,material mismatch under oracle benchmark
outputs/tables/Tables_editable.docx,table:2:row:6:cell:1,regret,Static/transition regret
outputs/tables/Tables_editable.docx,table:3:row:1:cell:1,oracle,2 of 4 primary cases meet the oracle-threshold label
outputs/tables/Tables_editable.docx,table:3:row:2:cell:2,material,"Yes—material-count claim (WK07, UI09)"
outputs/tables/Tables_editable.docx,table:3:row:2:cell:3,oracle;material,The procedural claim survives; the number of material oracle labels depends on the strongest cases.
outputs/tables/Tables_editable.docx,table:3:row:3:cell:2,material,"Yes—material-count claim (WK07, UI01+UI09)"
outputs/tables/Tables_editable.docx,table:3:row:4:cell:0,oracle,Remove WK07 and UI09 together (both strongest oracle cases)
outputs/tables/Tables_editable.docx,table:3:row:4:cell:2,material,Yes—empirical material-mismatch claim
outputs/tables/Tables_editable.docx,table:3:row:4:cell:3,material,The procedural and heterogeneous-outcome claims survive; evidence of material primary mismatch does not.
outputs/tables/Tables_editable.docx,table:3:row:5:cell:2,material,Yes—material-count claim
outputs/tables/Tables_editable.docx,table:3:row:5:cell:3,material,Material mismatch is not supported by more than one primary case after excluding simulation.
outputs/tables/Tables_editable.docx,table:3:row:8:cell:3,regret,Static regret remains positive across supported settings but remains a simulated perfect-information comparison.
outputs/tables/Tables_editable.docx,table:3:row:9:cell:3,saving,Arithmetic savings scale with assumed flexibility; customer response and equilibrium remain unidentified.
outputs/tables/Tables_editable.docx,table:3:row:11:cell:3,redesign,The frozen design does not force every incumbent into a redesign narrative.
outputs/tables/Tables_editable.pptx,slide:4:shape:0,material,"Table 4. Cross-case falsification: case and domain removal, source quality, thresholds, supported model or loss alternatives, and controls. Counts refer to primary cases meeting the material-mismatch label."
outputs/submission/graphical_abstract_editable.pptx,slide:1:shape:5,regret,"Estimate
static regret
uncertainty • falsification"
outputs/submission/graphical_abstract_editable.pptx,slide:1:shape:8,material,"Technological change triggers re-audit—not automatic replacement.
Retain material, uncertain, null, and insufficient-evidence outcomes."
